Date,Open,High,Low,Chiliz_Close,Adj Close,Volume
2019-07-01,0.017232,0.017448,0.015258,0.017028,0.017028,1506210
2019-07-02,0.017024,0.020266,0.015143,0.016336,0.016336,454670
2019-07-03,0.016350,0.016517,0.010733,0.012063,0.012063,246653
2019-07-04,0.012066,0.015256,0.011156,0.013696,0.013696,216974
2019-07-05,0.013673,0.016383,0.013649,0.016059,0.016059,276543
2019-07-06,0.016060,0.016821,0.014783,0.015955,0.015955,149214
2019-07-07,0.016124,0.016367,0.015118,0.016066,0.016066,79601
2019-07-08,0.016067,0.018960,0.015210,0.018381,0.018381,458570
2019-07-09,0.018385,0.020900,0.018189,0.019540,0.019540,550450
2019-07-10,0.019537,0.020214,0.018000,0.018829,0.018829,436951
2019-07-11,0.018823,0.018836,0.016397,0.016912,0.016912,419851
2019-07-12,0.016930,0.017892,0.015909,0.016792,0.016792,462486
2019-07-13,0.016804,0.017056,0.015366,0.015968,0.015968,432652
2019-07-14,0.016140,0.016172,0.013454,0.014523,0.014523,173894
2019-07-15,0.014518,0.015205,0.012674,0.014938,0.014938,179291
2019-07-16,0.014927,0.017824,0.014431,0.015097,0.015097,486495
2019-07-17,0.015082,0.015456,0.013160,0.014039,0.014039,253230
2019-07-18,0.014037,0.015684,0.013663,0.015566,0.015566,1880203
2019-07-19,0.015566,0.016024,0.013995,0.015667,0.015667,2246619
2019-07-20,0.015663,0.018430,0.015580,0.017880,0.017880,2086224
2019-07-21,0.017880,0.018149,0.016902,0.016993,0.016993,1837179
2019-07-22,0.016995,0.017088,0.014752,0.015912,0.015912,2198415
2019-07-23,0.015924,0.017004,0.014218,0.014913,0.014913,2044636
2019-07-24,0.014913,0.015212,0.013623,0.014307,0.014307,2081964
2019-07-25,0.014299,0.014572,0.013734,0.013892,0.013892,1754150
2019-07-26,0.013897,0.014315,0.013235,0.014216,0.014216,1762171
2019-07-27,0.014216,0.015590,0.012548,0.013063,0.013063,1602531
2019-07-28,0.013063,0.014565,0.013024,0.013182,0.013182,1806946
2019-07-29,0.013165,0.014163,0.013162,0.013501,0.013501,1646928
2019-07-30,0.013458,0.013510,0.012547,0.013063,0.013063,1296736
2019-07-31,0.013028,0.013115,0.012584,0.012822,0.012822,1309389
2019-08-01,0.012821,0.012851,0.011186,0.012027,0.012027,1569841
2019-08-02,0.012033,0.012346,0.010686,0.012260,0.012260,1718862
2019-08-03,0.012260,0.012294,0.011847,0.011991,0.011991,1317276
2019-08-04,0.011993,0.012081,0.009562,0.010510,0.010510,815183
2019-08-05,0.010498,0.011570,0.008588,0.011031,0.011031,1399524
2019-08-06,0.011029,0.011029,0.008708,0.009257,0.009257,928692
2019-08-07,0.009277,0.010497,0.009215,0.009940,0.009940,1551630
2019-08-08,0.009940,0.009956,0.008861,0.009199,0.009199,1738587
2019-08-09,0.009200,0.009529,0.007672,0.008462,0.008462,1423481
2019-08-10,0.008462,0.009675,0.007764,0.008668,0.008668,1534904
2019-08-11,0.008240,0.009083,0.008038,0.008413,0.008413,1755384
2019-08-12,0.008430,0.008786,0.006549,0.008029,0.008029,1725639
2019-08-13,0.008037,0.008515,0.007204,0.007709,0.007709,987455
2019-08-14,0.007709,0.008078,0.007119,0.007309,0.007309,1204070
2019-08-15,0.007309,0.007707,0.006574,0.007324,0.007324,1176127
2019-08-16,0.007325,0.008867,0.006793,0.007533,0.007533,1457611
2019-08-17,0.007512,0.008503,0.007226,0.007803,0.007803,1503282
2019-08-18,0.007788,0.007790,0.006866,0.007500,0.007500,1156040
2019-08-19,0.007514,0.007788,0.007356,0.007751,0.007751,1296463
2019-08-20,0.007751,0.008305,0.007268,0.007294,0.007294,1073628
2019-08-21,0.007319,0.007881,0.006814,0.007354,0.007354,1044450
2019-08-22,0.007331,0.008092,0.006804,0.007238,0.007238,919290
2019-08-23,0.007238,0.007530,0.006671,0.007386,0.007386,865784
2019-08-24,0.007352,0.007890,0.006578,0.007762,0.007762,1514841
2019-08-25,0.007762,0.008013,0.006881,0.007283,0.007283,1294190
2019-08-26,0.007285,0.007415,0.006908,0.007057,0.007057,1261679
2019-08-27,0.007058,0.007225,0.006915,0.007105,0.007105,1271308
2019-08-28,0.007101,0.007104,0.005636,0.005984,0.005984,838173
2019-08-29,0.005984,0.006296,0.005156,0.005750,0.005750,1283990
2019-08-30,0.005921,0.006029,0.005259,0.005613,0.005613,926787
2019-08-31,0.005613,0.005785,0.004055,0.005103,0.005103,646810
2019-09-01,0.005103,0.005985,0.004860,0.005903,0.005903,1039220
2019-09-02,0.005904,0.006393,0.004947,0.006239,0.006239,1661408
2019-09-03,0.006240,0.006356,0.005832,0.006328,0.006328,1292809
2019-09-04,0.006330,0.007881,0.006248,0.006720,0.006720,857475
2019-09-05,0.006720,0.013039,0.006479,0.011951,0.011951,4591341
2019-09-06,0.011951,0.014132,0.008277,0.008457,0.008457,23817626
2019-09-07,0.008465,0.012115,0.008234,0.010942,0.010942,20456076
2019-09-08,0.010935,0.011569,0.009617,0.009763,0.009763,6518640
2019-09-09,0.009763,0.009918,0.008288,0.008499,0.008499,5134209
2019-09-10,0.008497,0.008716,0.007810,0.007874,0.007874,3500953
2019-09-11,0.007874,0.008011,0.006589,0.006662,0.006662,3263441
2019-09-12,0.006664,0.006755,0.005826,0.005846,0.005846,3947560
2019-09-13,0.005848,0.006572,0.005833,0.006161,0.006161,3113148
2019-09-14,0.006156,0.006323,0.005848,0.006136,0.006136,2100799
2019-09-15,0.006164,0.007309,0.006107,0.007222,0.007222,4023560
2019-09-16,0.007227,0.007322,0.006674,0.006875,0.006875,3681426
2019-09-17,0.006879,0.007862,0.006806,0.007128,0.007128,5564408
2019-09-18,0.007069,0.007287,0.006865,0.006889,0.006889,1991813
2019-09-19,0.006889,0.006900,0.006513,0.006567,0.006567,2145104
2019-09-20,0.006577,0.006614,0.006200,0.006334,0.006334,3031631
2019-09-21,0.006333,0.006543,0.006252,0.006290,0.006290,2084721
2019-09-22,0.006267,0.006327,0.005748,0.005790,0.005790,2338815
2019-09-23,0.005792,0.005912,0.005413,0.005417,0.005417,2650639
2019-09-24,0.005416,0.005677,0.004182,0.004391,0.004391,2078700
2019-09-25,0.004380,0.004582,0.004060,0.004430,0.004430,1705712
2019-09-26,0.004429,0.004752,0.004070,0.004300,0.004300,2517001
2019-09-27,0.004302,0.004330,0.004001,0.004130,0.004130,1948128
2019-09-28,0.004133,0.004333,0.004097,0.004209,0.004209,1930002
2019-09-29,0.004244,0.004375,0.004059,0.004148,0.004148,1590505
2019-09-30,0.004148,0.004750,0.004058,0.004258,0.004258,1490164
2019-10-01,0.004264,0.004828,0.004253,0.004731,0.004731,2201206
2019-10-02,0.004731,0.004765,0.004361,0.004512,0.004512,3935836
2019-10-03,0.004512,0.004607,0.004277,0.004387,0.004387,1605898
2019-10-04,0.004386,0.004593,0.004197,0.004379,0.004379,2432964
2019-10-05,0.004379,0.004554,0.004283,0.004409,0.004409,1855743
2019-10-06,0.004431,0.004652,0.004366,0.004623,0.004623,2156685
2019-10-07,0.004643,0.005100,0.004519,0.004750,0.004750,3641022
2019-10-08,0.004738,0.005142,0.004680,0.004934,0.004934,3280209
2019-10-09,0.004934,0.005522,0.004854,0.005003,0.005003,3699928
2019-10-10,0.005008,0.005445,0.004880,0.005148,0.005148,3680586
2019-10-11,0.005148,0.005204,0.004809,0.005007,0.005007,2975151
2019-10-12,0.004993,0.005143,0.004777,0.004812,0.004812,2712660
2019-10-13,0.004814,0.005113,0.004792,0.005017,0.005017,2746482
2019-10-14,0.005017,0.005414,0.004965,0.005336,0.005336,1929190
2019-10-15,0.005339,0.006444,0.005011,0.005345,0.005345,2218162
2019-10-16,0.005345,0.007408,0.005077,0.007003,0.007003,4855475
2019-10-17,0.006984,0.007383,0.006083,0.006536,0.006536,3050551
2019-10-18,0.006536,0.009073,0.006504,0.008590,0.008590,10206013
2019-10-19,0.008537,0.009363,0.007565,0.007640,0.007640,9694262
2019-10-20,0.007695,0.010386,0.007535,0.009866,0.009866,10392454
2019-10-21,0.009873,0.010589,0.009249,0.009598,0.009598,8375887
2019-10-22,0.009598,0.010163,0.009459,0.009738,0.009738,5131857
2019-10-23,0.009737,0.009749,0.008384,0.008575,0.008575,3959572
2019-10-24,0.008578,0.008990,0.007892,0.008990,0.008990,2700099
2019-10-25,0.008990,0.011454,0.007853,0.010767,0.010767,12800415
2019-10-26,0.010776,0.011904,0.010006,0.010496,0.010496,7341650
2019-10-27,0.010496,0.010924,0.009802,0.009862,0.009862,4815572
2019-10-28,0.009853,0.010097,0.009196,0.009357,0.009357,3905824
2019-10-29,0.009405,0.011062,0.009362,0.010917,0.010917,6196270
2019-10-30,0.010924,0.011338,0.010594,0.010816,0.010816,5354324
2019-10-31,0.010805,0.011241,0.010525,0.010867,0.010867,4393719
2019-11-01,0.010809,0.011890,0.010720,0.011834,0.011834,3727433
2019-11-02,0.011834,0.014344,0.011602,0.013863,0.013863,10534316
2019-11-03,0.013992,0.016847,0.013793,0.015936,0.015936,15507961
2019-11-04,0.015925,0.019451,0.015540,0.017339,0.017339,21934365
2019-11-05,0.017339,0.019135,0.015489,0.015876,0.015876,18826479
2019-11-06,0.015876,0.017079,0.014963,0.015416,0.015416,14645235
2019-11-07,0.015411,0.015489,0.013030,0.014296,0.014296,14747882
2019-11-08,0.014416,0.014647,0.012562,0.012672,0.012672,7417872
2019-11-09,0.012859,0.014366,0.012534,0.013206,0.013206,5160862
2019-11-10,0.013231,0.013791,0.012623,0.012870,0.012870,3983520
2019-11-11,0.012870,0.013688,0.012639,0.012829,0.012829,4861197
2019-11-12,0.012832,0.013791,0.012770,0.013643,0.013643,7195051
2019-11-13,0.013641,0.015144,0.013438,0.014383,0.014383,9134888
2019-11-14,0.014383,0.014879,0.013715,0.014390,0.014390,9316182
2019-11-15,0.014390,0.014674,0.013467,0.013766,0.013766,5343338
2019-11-16,0.013590,0.014196,0.013454,0.013499,0.013499,3293294
2019-11-17,0.013499,0.014458,0.013345,0.013387,0.013387,3228815
2019-11-18,0.013385,0.014276,0.012647,0.012974,0.012974,3160225
2019-11-19,0.012979,0.013281,0.012111,0.012481,0.012481,2962808
2019-11-20,0.012481,0.012719,0.011694,0.012043,0.012043,2727219
2019-11-21,0.012048,0.012239,0.010902,0.011072,0.011072,3086340
2019-11-22,0.011072,0.011602,0.009632,0.010345,0.010345,4682735
2019-11-23,0.010349,0.011900,0.009869,0.011594,0.011594,6146763
2019-11-24,0.011753,0.011949,0.010752,0.010799,0.010799,3518077
2019-11-25,0.010716,0.011217,0.009966,0.010928,0.010928,3045341
2019-11-26,0.010923,0.011758,0.010537,0.011535,0.011535,4667861
2019-11-27,0.011460,0.012703,0.010875,0.012460,0.012460,4867782
2019-11-28,0.012463,0.013399,0.011806,0.011834,0.011834,7572400
2019-11-29,0.011883,0.012199,0.011448,0.012025,0.012025,3906183
2019-11-30,0.012025,0.012360,0.011069,0.011631,0.011631,2576145
2019-12-01,0.011596,0.011888,0.010451,0.011107,0.011107,3124651
2019-12-02,0.011137,0.011688,0.011083,0.011350,0.011350,2834581
2019-12-03,0.011350,0.011768,0.010864,0.011317,0.011317,3346979
2019-12-04,0.011314,0.011330,0.010289,0.010458,0.010458,3651719
2019-12-05,0.010458,0.010588,0.009822,0.010050,0.010050,2743052
2019-12-06,0.010314,0.011019,0.009903,0.010162,0.010162,3409088
2019-12-07,0.010154,0.010458,0.009832,0.009963,0.009963,2108544
2019-12-08,0.009963,0.010412,0.009583,0.009724,0.009724,2348813
2019-12-09,0.009725,0.010100,0.009370,0.009445,0.009445,2403408
2019-12-10,0.009444,0.009568,0.008333,0.008541,0.008541,3195656
2019-12-11,0.008535,0.009564,0.008468,0.009232,0.009232,2881736
2019-12-12,0.009272,0.009377,0.008601,0.008668,0.008668,2325382
2019-12-13,0.008903,0.009108,0.008693,0.009032,0.009032,1649760
2019-12-14,0.008942,0.009086,0.008143,0.008326,0.008326,1890029
2019-12-15,0.008326,0.008438,0.007247,0.007930,0.007930,2027794
2019-12-16,0.007930,0.008062,0.007232,0.007534,0.007534,1753968
2019-12-17,0.007534,0.007811,0.006828,0.006872,0.006872,1566438
2019-12-18,0.006872,0.008060,0.006856,0.007872,0.007872,2342376
2019-12-19,0.007872,0.008344,0.007532,0.008337,0.008337,2002687
2019-12-20,0.008337,0.008482,0.007974,0.008317,0.008317,1673369
2019-12-21,0.008317,0.008405,0.007938,0.008253,0.008253,2177603
2019-12-22,0.008254,0.008294,0.007718,0.007878,0.007878,1859174
2019-12-23,0.007884,0.008295,0.007205,0.007394,0.007394,1372736
2019-12-24,0.007407,0.007960,0.007306,0.007671,0.007671,1794172
2019-12-25,0.007671,0.007965,0.007526,0.007696,0.007696,1578683
2019-12-26,0.007706,0.007949,0.007463,0.007604,0.007604,2231996
2019-12-27,0.007610,0.007832,0.007475,0.007754,0.007754,1859233
2019-12-28,0.007754,0.007846,0.007479,0.007558,0.007558,1518055
2019-12-29,0.007554,0.007827,0.007311,0.007431,0.007431,1619056
2019-12-30,0.007438,0.007513,0.006840,0.006871,0.006871,1974597
2019-12-31,0.006877,0.007300,0.006745,0.007087,0.007087,2238651
2020-01-01,0.007083,0.007191,0.006617,0.006654,0.006654,1317886
2020-01-02,0.006872,0.007103,0.006531,0.006654,0.006654,1744642
2020-01-03,0.006663,0.007224,0.006481,0.007224,0.007224,1576366
2020-01-04,0.007223,0.008008,0.006877,0.007601,0.007601,4369148
2020-01-05,0.007591,0.008054,0.007475,0.007661,0.007661,2877150
2020-01-06,0.007659,0.007847,0.007385,0.007539,0.007539,2213039
2020-01-07,0.007539,0.007729,0.007200,0.007410,0.007410,2247311
2020-01-08,0.007410,0.007579,0.007037,0.007118,0.007118,3346349
2020-01-09,0.007138,0.007227,0.006859,0.007104,0.007104,1428432
2020-01-10,0.007103,0.007204,0.006759,0.006841,0.006841,1478128
2020-01-11,0.006841,0.007223,0.006748,0.006880,0.006880,1540915
2020-01-12,0.006922,0.007246,0.006844,0.006964,0.006964,1051533
2020-01-13,0.006973,0.007274,0.006815,0.006879,0.006879,1663632
2020-01-14,0.006881,0.007531,0.006771,0.007327,0.007327,2023331
2020-01-15,0.007318,0.007494,0.007036,0.007232,0.007232,2027396
2020-01-16,0.007292,0.007319,0.007018,0.007244,0.007244,1776175
2020-01-17,0.007188,0.007614,0.006873,0.007449,0.007449,1878880
2020-01-18,0.007446,0.007831,0.007276,0.007403,0.007403,1766414
2020-01-19,0.007403,0.008174,0.006805,0.006887,0.006887,1322188
2020-01-20,0.006887,0.007234,0.006744,0.007173,0.007173,2051906
2020-01-21,0.007169,0.007696,0.007052,0.007266,0.007266,3165624
2020-01-22,0.007259,0.007743,0.007244,0.007563,0.007563,1928383
2020-01-23,0.007562,0.007640,0.007025,0.007220,0.007220,3001483
2020-01-24,0.007220,0.007328,0.006628,0.007005,0.007005,2536103
2020-01-25,0.006998,0.007225,0.006713,0.007133,0.007133,1507206
2020-01-26,0.007148,0.007282,0.006734,0.007145,0.007145,1880613
2020-01-27,0.007150,0.007292,0.006805,0.006905,0.006905,1520952
2020-01-28,0.006927,0.007529,0.006822,0.007169,0.007169,1984105
2020-01-29,0.007276,0.007699,0.006783,0.006911,0.006911,1667597
2020-01-30,0.006910,0.007453,0.006683,0.007234,0.007234,1808811
2020-01-31,0.007233,0.007535,0.006763,0.007069,0.007069,1522014
2020-02-01,0.007046,0.007644,0.006928,0.007306,0.007306,1520871
2020-02-02,0.007304,0.008229,0.007048,0.007965,0.007965,1992297
2020-02-03,0.007965,0.008472,0.007555,0.008190,0.008190,2498942
2020-02-04,0.008191,0.009208,0.007863,0.008708,0.008708,3713196
2020-02-05,0.008707,0.009121,0.008054,0.008871,0.008871,4284965
2020-02-06,0.008871,0.010311,0.008486,0.010072,0.010072,5559742
2020-02-07,0.010060,0.010582,0.009343,0.009666,0.009666,4376600
2020-02-08,0.009844,0.010353,0.009041,0.009287,0.009287,2266852
2020-02-09,0.009286,0.010704,0.009032,0.010602,0.010602,3655216
2020-02-10,0.010610,0.010731,0.009593,0.010330,0.010330,4300461
2020-02-11,0.010337,0.011448,0.009908,0.011184,0.011184,5453418
2020-02-12,0.011183,0.013693,0.011121,0.013040,0.013040,6646497
2020-02-13,0.013040,0.019174,0.012833,0.016683,0.016683,45182329
2020-02-14,0.016570,0.017591,0.014594,0.015155,0.015155,25797912
2020-02-15,0.015155,0.015959,0.013621,0.014037,0.014037,16366626
2020-02-16,0.014042,0.014536,0.012223,0.013600,0.013600,13503662
2020-02-17,0.013571,0.014956,0.013232,0.013904,0.013904,17207976
2020-02-18,0.013903,0.014013,0.013232,0.013720,0.013720,9335311
2020-02-19,0.013716,0.014905,0.013187,0.013357,0.013357,10018309
2020-02-20,0.013264,0.013703,0.012881,0.013113,0.013113,10027112
2020-02-21,0.013105,0.013774,0.013059,0.013578,0.013578,7596990
2020-02-22,0.013620,0.013664,0.013069,0.013240,0.013240,8318104
2020-02-23,0.013240,0.013478,0.012863,0.013460,0.013460,7497147
2020-02-24,0.013491,0.014163,0.012676,0.013046,0.013046,12011125
2020-02-25,0.013023,0.013259,0.011585,0.011806,0.011806,8798743
2020-02-26,0.011769,0.011947,0.010101,0.010601,0.010601,9038241
2020-02-27,0.010628,0.011297,0.010041,0.010631,0.010631,6414313
2020-02-28,0.010633,0.011173,0.010303,0.010784,0.010784,4472219
2020-02-29,0.010678,0.011372,0.010471,0.010504,0.010504,2825026
2020-03-01,0.010488,0.011909,0.010407,0.011832,0.011832,5292183
2020-03-02,0.011732,0.012370,0.011397,0.011762,0.011762,5283697
2020-03-03,0.011755,0.012252,0.011549,0.011978,0.011978,4701919
2020-03-04,0.011989,0.013698,0.011814,0.012892,0.012892,9193327
2020-03-05,0.012884,0.013707,0.012456,0.012772,0.012772,8860926
2020-03-06,0.012772,0.013519,0.012418,0.013072,0.013072,12534222
2020-03-07,0.013071,0.013585,0.012308,0.012427,0.012427,13470531
2020-03-08,0.012427,0.012434,0.010559,0.010595,0.010595,8962119
2020-03-09,0.010589,0.010813,0.009850,0.010345,0.010345,8783251
2020-03-10,0.010351,0.010844,0.010236,0.010627,0.010627,7487471
2020-03-11,0.010634,0.011230,0.010008,0.010929,0.010929,10910200
2020-03-12,0.010930,0.011004,0.005303,0.005421,0.005421,16378312
2020-03-13,0.005315,0.006931,0.004194,0.006134,0.006134,4306309
2020-03-14,0.006183,0.006585,0.005492,0.005669,0.005669,1585012
2020-03-15,0.005669,0.006163,0.005528,0.005813,0.005813,1364308
2020-03-16,0.005812,0.005812,0.004854,0.005151,0.005151,1831488
2020-03-17,0.005149,0.005780,0.005132,0.005484,0.005484,1369935
2020-03-18,0.005492,0.005661,0.005141,0.005198,0.005198,2328735
2020-03-19,0.005198,0.006452,0.005178,0.006311,0.006311,3569881
2020-03-20,0.006306,0.006940,0.005596,0.006007,0.006007,2190279
2020-03-21,0.006007,0.006193,0.005731,0.005966,0.005966,1848401
2020-03-22,0.006006,0.006099,0.005479,0.005495,0.005495,1709443
2020-03-23,0.005495,0.006041,0.005347,0.006034,0.006034,949544
2020-03-24,0.006040,0.006368,0.005983,0.006163,0.006163,767674
2020-03-25,0.006162,0.006366,0.006040,0.006193,0.006193,575334
2020-03-26,0.006193,0.006754,0.006168,0.006698,0.006698,1253548
2020-03-27,0.006699,0.007183,0.006517,0.006527,0.006527,2947380
2020-03-28,0.006490,0.006526,0.006062,0.006345,0.006345,1315858
2020-03-29,0.006346,0.006401,0.005918,0.006124,0.006124,1094108
2020-03-30,0.005993,0.006766,0.005933,0.006394,0.006394,2854633
2020-03-31,0.006378,0.006517,0.006297,0.006387,0.006387,1452165
2020-04-01,0.006387,0.006520,0.006207,0.006513,0.006513,1451377
2020-04-02,0.006525,0.006844,0.006422,0.006497,0.006497,1593019
2020-04-03,0.006511,0.007796,0.006438,0.006854,0.006854,9247736
2020-04-04,0.006863,0.007377,0.006641,0.006989,0.006989,1867255
2020-04-05,0.006997,0.007091,0.006541,0.006655,0.006655,1736643
2020-04-06,0.006661,0.007161,0.006524,0.006890,0.006890,2902727
2020-04-07,0.006891,0.007269,0.006796,0.006888,0.006888,2082135
2020-04-08,0.006885,0.007140,0.006795,0.007021,0.007021,1590926
2020-04-09,0.006905,0.007203,0.006802,0.007046,0.007046,2099221
2020-04-10,0.007069,0.007097,0.006159,0.006425,0.006425,2067497
2020-04-11,0.006425,0.006581,0.006127,0.006231,0.006231,737026
2020-04-12,0.006229,0.006704,0.006168,0.006428,0.006428,1215245
2020-04-13,0.006431,0.006940,0.006165,0.006675,0.006675,1930473
2020-04-14,0.006675,0.006897,0.006460,0.006499,0.006499,2188244
2020-04-15,0.006503,0.006621,0.006174,0.006243,0.006243,1554907
2020-04-16,0.006205,0.006879,0.006145,0.006803,0.006803,2778006
2020-04-17,0.006788,0.008068,0.006754,0.006766,0.006766,29468802
2020-04-18,0.006766,0.006932,0.006633,0.006892,0.006892,4031960
2020-04-19,0.006889,0.006929,0.006734,0.006755,0.006755,1806317
2020-04-20,0.006754,0.006826,0.006404,0.006440,0.006440,1932216
2020-04-21,0.006441,0.006509,0.006312,0.006437,0.006437,1833588
2020-04-22,0.006440,0.006682,0.006390,0.006573,0.006573,1350812
2020-04-23,0.006586,0.006861,0.006468,0.006752,0.006752,2721760
2020-04-24,0.006743,0.006884,0.006702,0.006793,0.006793,2126432
2020-04-25,0.006779,0.006953,0.006731,0.006801,0.006801,1894778
2020-04-26,0.006802,0.006907,0.006757,0.006850,0.006850,1814334
2020-04-27,0.006855,0.007265,0.006824,0.007138,0.007138,4211631
2020-04-28,0.007140,0.007319,0.007063,0.007319,0.007319,2461084
2020-04-29,0.007313,0.007554,0.007237,0.007422,0.007422,4538936
2020-04-30,0.007421,0.007869,0.007046,0.007257,0.007257,4425003
2020-05-01,0.007257,0.007666,0.007245,0.007515,0.007515,2637421
2020-05-02,0.007522,0.007902,0.007499,0.007863,0.007863,4269379
2020-05-03,0.007867,0.008043,0.007530,0.007647,0.007647,2928613
2020-05-04,0.007648,0.008557,0.007415,0.008501,0.008501,9759422
2020-05-05,0.008504,0.009764,0.008233,0.009408,0.009408,13621350
2020-05-06,0.009390,0.011309,0.009327,0.010516,0.010516,26881299
2020-05-07,0.010516,0.012139,0.009525,0.009804,0.009804,38429030
2020-05-08,0.009804,0.010687,0.009804,0.009876,0.009876,10797407
2020-05-09,0.009878,0.010011,0.009394,0.009399,0.009399,6001901
2020-05-10,0.009364,0.009388,0.007873,0.008378,0.008378,7544659
2020-05-11,0.008400,0.009166,0.008332,0.008722,0.008722,9901125
2020-05-12,0.008722,0.009231,0.008651,0.009098,0.009098,5816892
2020-05-13,0.009096,0.010141,0.009096,0.009988,0.009988,10245155
2020-05-14,0.009988,0.010068,0.009651,0.009903,0.009903,7439483
2020-05-15,0.009911,0.009911,0.009256,0.009342,0.009342,4903226
2020-05-16,0.009351,0.009832,0.009258,0.009803,0.009803,4905665
2020-05-17,0.009742,0.009933,0.009602,0.009645,0.009645,3362313
2020-05-18,0.009643,0.009900,0.009433,0.009611,0.009611,4401981
2020-05-19,0.009606,0.009710,0.009429,0.009529,0.009529,2705186
2020-05-20,0.009528,0.009855,0.009411,0.009580,0.009580,5867746
2020-05-21,0.009602,0.009609,0.008767,0.009083,0.009083,4114849
2020-05-22,0.009078,0.009544,0.008899,0.009544,0.009544,3629384
2020-05-23,0.009546,0.009546,0.009293,0.009451,0.009451,2428314
2020-05-24,0.009488,0.009795,0.009174,0.009223,0.009223,5376886
2020-05-25,0.009175,0.010087,0.009116,0.009890,0.009890,9649028
2020-05-26,0.009919,0.010114,0.009592,0.009891,0.009891,7616565
2020-05-27,0.009891,0.010197,0.009703,0.009881,0.009881,6466173
2020-05-28,0.009849,0.010298,0.009782,0.010088,0.010088,6066501
2020-05-29,0.010088,0.011175,0.009974,0.011019,0.011019,12962875
2020-05-30,0.010998,0.011233,0.010547,0.011058,0.011058,7741989
2020-05-31,0.011061,0.011466,0.010641,0.010686,0.010686,8085688
2020-06-01,0.010722,0.011271,0.010696,0.011211,0.011211,6519276
2020-06-02,0.011269,0.011723,0.010626,0.011668,0.011668,10750311
2020-06-03,0.011668,0.012233,0.011500,0.012157,0.012157,11904622
2020-06-04,0.012183,0.012499,0.011666,0.012422,0.012422,7667732
2020-06-05,0.012422,0.012815,0.012180,0.012435,0.012435,9435445
2020-06-06,0.012415,0.012558,0.012139,0.012146,0.012146,5285439
2020-06-07,0.012146,0.012293,0.011628,0.012188,0.012188,6141225
2020-06-08,0.012188,0.012319,0.012082,0.012192,0.012192,4114845
2020-06-09,0.012202,0.012749,0.012116,0.012543,0.012543,7171173
2020-06-10,0.012588,0.012666,0.012272,0.012444,0.012444,5090089
2020-06-11,0.012447,0.012662,0.011065,0.011352,0.011352,8130911
2020-06-12,0.011354,0.012023,0.011303,0.011984,0.011984,5547093
2020-06-13,0.011993,0.012358,0.011847,0.012317,0.012317,5060332
2020-06-14,0.012341,0.012342,0.011688,0.011688,0.011688,4275464
2020-06-15,0.011672,0.012150,0.011157,0.011943,0.011943,6912007
2020-06-16,0.011941,0.013061,0.011888,0.012931,0.012931,15646941
2020-06-17,0.012928,0.013278,0.012564,0.013169,0.013169,10128422
2020-06-18,0.013170,0.014568,0.013015,0.014380,0.014380,16013972
2020-06-19,0.014388,0.014426,0.013615,0.013653,0.013653,9500055
2020-06-20,0.013656,0.013879,0.013153,0.013295,0.013295,8080004
2020-06-21,0.013272,0.014236,0.013272,0.014086,0.014086,7073218
2020-06-22,0.014099,0.015305,0.013648,0.013923,0.013923,29133852
2020-06-23,0.013924,0.014159,0.013787,0.014056,0.014056,7938363
2020-06-24,0.014045,0.014089,0.012850,0.013082,0.013082,16338493
2020-06-25,0.013080,0.013209,0.012632,0.012708,0.012708,6213331
2020-06-26,0.012706,0.012739,0.012053,0.012283,0.012283,7143439
2020-06-27,0.012277,0.012620,0.011627,0.011688,0.011688,5882358
2020-06-28,0.011688,0.011884,0.011329,0.011802,0.011802,5777930
2020-06-29,0.011807,0.012123,0.011628,0.012043,0.012043,5127406
2020-06-30,0.012049,0.012136,0.011651,0.011705,0.011705,4365125
2020-07-01,0.011728,0.011961,0.011570,0.011925,0.011925,6094196
2020-07-02,0.011923,0.011973,0.011389,0.011497,0.011497,4977052
2020-07-03,0.011547,0.011572,0.011132,0.011282,0.011282,5063323
2020-07-04,0.011277,0.011696,0.011220,0.011571,0.011571,4767547
2020-07-05,0.011565,0.011851,0.011447,0.011596,0.011596,5193025
2020-07-06,0.011596,0.011991,0.011582,0.011969,0.011969,4036816
2020-07-07,0.011969,0.012291,0.011762,0.011971,0.011971,5033780
2020-07-08,0.011971,0.012220,0.011878,0.012149,0.012149,5212847
2020-07-09,0.012149,0.012681,0.011962,0.012229,0.012229,8404440
2020-07-10,0.012227,0.012731,0.011997,0.012600,0.012600,7173666
2020-07-11,0.012598,0.012630,0.012345,0.012428,0.012428,3980814
2020-07-12,0.012418,0.012465,0.012198,0.012344,0.012344,4122426
2020-07-13,0.012344,0.012785,0.012205,0.012277,0.012277,7433768
2020-07-14,0.012277,0.012361,0.012064,0.012334,0.012334,5057887
2020-07-15,0.012315,0.012635,0.012261,0.012329,0.012329,5432398
2020-07-16,0.012315,0.012590,0.011653,0.011986,0.011986,5990875
2020-07-17,0.011999,0.012364,0.011970,0.012144,0.012144,4050448
2020-07-18,0.012153,0.012240,0.011994,0.012091,0.012091,2845745
2020-07-19,0.012106,0.012160,0.011570,0.012004,0.012004,6093752
2020-07-20,0.012011,0.012094,0.011852,0.011958,0.011958,4562703
2020-07-21,0.011956,0.012087,0.011817,0.011980,0.011980,4158172
2020-07-22,0.011963,0.012193,0.011901,0.012088,0.012088,5372143
2020-07-23,0.012088,0.012268,0.011957,0.012006,0.012006,5437418
2020-07-24,0.011998,0.012117,0.011784,0.011836,0.011836,4263615
2020-07-25,0.011841,0.012025,0.011785,0.011843,0.011843,5220722
2020-07-26,0.011847,0.012018,0.011722,0.011761,0.011761,5796526
2020-07-27,0.011762,0.011965,0.010985,0.011541,0.011541,9122062
2020-07-28,0.011505,0.012280,0.011369,0.011837,0.011837,8096926
2020-07-29,0.011847,0.012418,0.011827,0.012129,0.012129,7938889
2020-07-30,0.012135,0.013893,0.012053,0.012970,0.012970,21402953
2020-07-31,0.012923,0.016379,0.012923,0.014007,0.014007,66163007
2020-08-01,0.014007,0.014007,0.013116,0.013358,0.013358,15921242
2020-08-02,0.013331,0.013364,0.012072,0.012642,0.012642,10081782
2020-08-03,0.012642,0.013611,0.012520,0.013098,0.013098,13772869
2020-08-04,0.013098,0.013521,0.012877,0.013283,0.013283,11421667
2020-08-05,0.013287,0.013397,0.013113,0.013247,0.013247,8589043
2020-08-06,0.013247,0.013606,0.013096,0.013245,0.013245,10022668
2020-08-07,0.013245,0.013431,0.012719,0.013076,0.013076,9175360
2020-08-08,0.013076,0.013293,0.013052,0.013250,0.013250,7668639
2020-08-09,0.013244,0.013969,0.013220,0.013901,0.013901,12846414
2020-08-10,0.013901,0.014590,0.013358,0.014282,0.014282,15164380
2020-08-11,0.014277,0.014575,0.013575,0.014166,0.014166,14185031
2020-08-12,0.014195,0.016050,0.013864,0.015974,0.015974,22127368
2020-08-13,0.015996,0.018790,0.015961,0.018253,0.018253,49179295
2020-08-14,0.018205,0.020144,0.017571,0.019662,0.019662,35372474
2020-08-15,0.019671,0.019707,0.018169,0.018580,0.018580,16483018
2020-08-16,0.018582,0.020062,0.018189,0.019523,0.019523,17611385
2020-08-17,0.019523,0.020688,0.019169,0.019995,0.019995,22830794
2020-08-18,0.020056,0.022039,0.017443,0.018250,0.018250,45193335
2020-08-19,0.018257,0.018296,0.015698,0.016224,0.016224,19605203
2020-08-20,0.016224,0.018248,0.016178,0.017865,0.017865,17893467
2020-08-21,0.017900,0.018468,0.016093,0.016634,0.016634,25894747
2020-08-22,0.016588,0.017574,0.016393,0.017298,0.017298,11715095
2020-08-23,0.017290,0.017312,0.016702,0.016932,0.016932,7745977
2020-08-24,0.016920,0.017348,0.016730,0.017281,0.017281,10188616
2020-08-25,0.017264,0.017341,0.015181,0.015524,0.015524,12688618
2020-08-26,0.015525,0.015961,0.015204,0.015679,0.015679,9562276
2020-08-27,0.015673,0.015673,0.014334,0.014471,0.014471,9052682
2020-08-28,0.014486,0.015165,0.014457,0.015165,0.015165,9460256
2020-08-29,0.015141,0.015164,0.014675,0.014904,0.014904,7752823
2020-08-30,0.014918,0.015078,0.014668,0.015029,0.015029,8490591
2020-08-31,0.015005,0.015153,0.014690,0.014870,0.014870,8285186
2020-09-01,0.014871,0.015898,0.014674,0.015086,0.015086,13665642
2020-09-02,0.015090,0.015090,0.013832,0.014287,0.014287,8112126
2020-09-03,0.014286,0.014415,0.011266,0.011404,0.011404,7847470
2020-09-04,0.011407,0.012285,0.011174,0.012227,0.012227,7135078
2020-09-05,0.012236,0.012369,0.010171,0.010568,0.010568,7064589
2020-09-06,0.010566,0.011250,0.010138,0.011044,0.011044,6723230
2020-09-07,0.011045,0.011713,0.010327,0.011208,0.011208,6464327
2020-09-08,0.011209,0.011531,0.010704,0.011086,0.011086,5415245
2020-09-09,0.011078,0.012577,0.010836,0.012282,0.012282,9546608
2020-09-10,0.012283,0.012837,0.012220,0.012459,0.012459,6969764
2020-09-11,0.012467,0.012975,0.012202,0.012435,0.012435,6329318
2020-09-12,0.012450,0.013097,0.012331,0.012997,0.012997,7248271
2020-09-13,0.012958,0.013042,0.012174,0.012283,0.012283,5396944
2020-09-14,0.012305,0.013702,0.012293,0.013423,0.013423,9729505
2020-09-15,0.013423,0.013564,0.012527,0.012897,0.012897,7491311
2020-09-16,0.012896,0.012896,0.011968,0.012379,0.012379,6059294
2020-09-17,0.012379,0.012742,0.012321,0.012694,0.012694,5513523
2020-09-18,0.012694,0.012738,0.012032,0.012231,0.012231,5121375
2020-09-19,0.012231,0.012394,0.011823,0.012101,0.012101,5096878
2020-09-20,0.012103,0.012141,0.011463,0.011537,0.011537,4198982
2020-09-21,0.011538,0.011807,0.010249,0.010858,0.010858,5120583
2020-09-22,0.010849,0.011531,0.010750,0.011267,0.011267,5127359
2020-09-23,0.011264,0.011301,0.010368,0.010381,0.010381,5314245
2020-09-24,0.010375,0.011438,0.010334,0.011424,0.011424,5495278
2020-09-25,0.011440,0.011581,0.010960,0.011183,0.011183,4917957
2020-09-26,0.011184,0.011401,0.011139,0.011215,0.011215,4594073
2020-09-27,0.011237,0.011486,0.010931,0.011053,0.011053,4609971
2020-09-28,0.011045,0.011203,0.010907,0.010907,0.010907,4492571
2020-09-29,0.010907,0.011028,0.010774,0.011028,0.011028,4204969
2020-09-30,0.011021,0.011999,0.010804,0.011483,0.011483,12353627
2020-10-01,0.011486,0.011924,0.010817,0.011195,0.011195,7616830
2020-10-02,0.011186,0.011202,0.010411,0.010644,0.010644,5181364
2020-10-03,0.010658,0.011162,0.010618,0.010818,0.010818,4185352
2020-10-04,0.010817,0.011064,0.010768,0.011033,0.011033,4015694
2020-10-05,0.011033,0.011517,0.010970,0.011030,0.011030,5573850
2020-10-06,0.011016,0.011025,0.010179,0.010336,0.010336,5144851
2020-10-07,0.010331,0.010570,0.009962,0.010278,0.010278,4849947
2020-10-08,0.010298,0.010606,0.010109,0.010600,0.010600,4618008
2020-10-09,0.010586,0.011188,0.010463,0.011119,0.011119,6154525
2020-10-10,0.011105,0.011977,0.011103,0.011182,0.011182,7813185
2020-10-11,0.011190,0.011365,0.011024,0.011144,0.011144,5119371
2020-10-12,0.011147,0.011382,0.011061,0.011080,0.011080,5504703
2020-10-13,0.011070,0.011780,0.010925,0.010999,0.010999,6842164
2020-10-14,0.010985,0.011063,0.010760,0.010874,0.010874,4434717
2020-10-15,0.010897,0.010920,0.010597,0.010724,0.010724,4676569
2020-10-16,0.010729,0.010806,0.010199,0.010565,0.010565,5146326
2020-10-17,0.010565,0.010688,0.010498,0.010620,0.010620,3881086
2020-10-18,0.010638,0.010840,0.010614,0.010733,0.010733,3949868
2020-10-19,0.010725,0.010787,0.010580,0.010679,0.010679,4168517
2020-10-20,0.010675,0.010819,0.010322,0.010414,0.010414,4748136
2020-10-21,0.010418,0.010823,0.010322,0.010546,0.010546,5193266
2020-10-22,0.010539,0.010884,0.010517,0.010773,0.010773,5140148
2020-10-23,0.010779,0.010804,0.010555,0.010660,0.010660,4718218
2020-10-24,0.010660,0.010941,0.010633,0.010860,0.010860,5546763
2020-10-25,0.010860,0.010888,0.010545,0.010633,0.010633,5284391
2020-10-26,0.010633,0.010707,0.010291,0.010410,0.010410,5259277
2020-10-27,0.010410,0.010457,0.010175,0.010232,0.010232,6532254
2020-10-28,0.010232,0.010372,0.009623,0.009933,0.009933,5700840
2020-10-29,0.009933,0.010026,0.009486,0.009550,0.009550,4888070
2020-10-30,0.009550,0.009648,0.008867,0.009451,0.009451,5742833
2020-10-31,0.009451,0.009553,0.009245,0.009381,0.009381,4774874
2020-11-01,0.009381,0.009580,0.009281,0.009571,0.009571,4787084
2020-11-02,0.009571,0.009666,0.009297,0.009392,0.009392,6596017
2020-11-03,0.009392,0.009594,0.008923,0.009385,0.009385,6934338
2020-11-04,0.009385,0.009714,0.009194,0.009663,0.009663,6195062
2020-11-05,0.009660,0.009799,0.009340,0.009699,0.009699,6058448
2020-11-06,0.009699,0.010486,0.009699,0.010454,0.010454,7151480
2020-11-07,0.010454,0.010856,0.009764,0.010001,0.010001,7261850
2020-11-08,0.010001,0.010410,0.009901,0.010394,0.010394,6491804
2020-11-09,0.010394,0.010744,0.010108,0.010734,0.010734,6803074
2020-11-10,0.010736,0.011174,0.010531,0.010895,0.010895,8556131
2020-11-11,0.010895,0.011037,0.010723,0.010748,0.010748,6750757
2020-11-12,0.010747,0.010889,0.010352,0.010519,0.010519,6100858
2020-11-13,0.010518,0.011192,0.010518,0.010942,0.010942,7917467
2020-11-14,0.010942,0.010992,0.010591,0.010731,0.010731,6185809
2020-11-15,0.010731,0.010847,0.010459,0.010624,0.010624,5017093
2020-11-16,0.010624,0.011039,0.010451,0.010974,0.010974,6035709
2020-11-17,0.011015,0.011046,0.010767,0.010937,0.010937,6332252
2020-11-18,0.010937,0.011038,0.010408,0.010582,0.010582,7387828
2020-11-19,0.010582,0.010737,0.010390,0.010504,0.010504,6045032
2020-11-20,0.010504,0.011019,0.010494,0.010897,0.010897,6908134
2020-11-21,0.010897,0.011491,0.010819,0.011425,0.011425,8352229
2020-11-22,0.011425,0.011472,0.010839,0.011093,0.011093,7917586
2020-11-23,0.011093,0.012214,0.010987,0.011882,0.011882,12752737
2020-11-24,0.011882,0.013037,0.011835,0.012507,0.012507,14910561
2020-11-25,0.012507,0.014606,0.012104,0.013471,0.013471,24126160
2020-11-26,0.013476,0.013932,0.011069,0.011955,0.011955,15134980
2020-11-27,0.011924,0.012194,0.011410,0.011587,0.011587,7352102
2020-11-28,0.011591,0.012087,0.011385,0.011781,0.011781,7095721
2020-11-29,0.011781,0.011890,0.011414,0.011627,0.011627,6230825
2020-11-30,0.011625,0.012362,0.011561,0.012076,0.012076,9001587
2020-12-01,0.012084,0.013005,0.011651,0.012188,0.012188,10233591
2020-12-02,0.012192,0.013420,0.011897,0.012886,0.012886,20381282
2020-12-03,0.012882,0.013154,0.012463,0.012998,0.012998,10329429
2020-12-04,0.012982,0.012992,0.012248,0.012307,0.012307,5489372
2020-12-05,0.012294,0.012682,0.012140,0.012646,0.012646,4112464
2020-12-06,0.012652,0.012795,0.012320,0.012658,0.012658,3566625
2020-12-07,0.012658,0.012970,0.012614,0.012793,0.012793,5869252
2020-12-08,0.012781,0.012807,0.012163,0.012272,0.012272,4526224
2020-12-09,0.012275,0.012275,0.011536,0.012178,0.012178,4832179
2020-12-10,0.012185,0.012188,0.011772,0.012042,0.012042,3627762
2020-12-11,0.012035,0.012588,0.011422,0.012429,0.012429,5293438
2020-12-12,0.012437,0.012770,0.012162,0.012387,0.012387,4112877
2020-12-13,0.012388,0.012693,0.012220,0.012540,0.012540,3104712
2020-12-14,0.012540,0.016294,0.012484,0.014694,0.014694,55915136
2020-12-15,0.014706,0.015882,0.013855,0.014934,0.014934,37041050
2020-12-16,0.015005,0.015060,0.014015,0.014297,0.014297,19773202
2020-12-17,0.014308,0.014985,0.014054,0.014521,0.014521,17625605
2020-12-18,0.014519,0.014869,0.014215,0.014773,0.014773,13124837
2020-12-19,0.014774,0.016629,0.014712,0.016124,0.016124,35494286
2020-12-20,0.016144,0.016332,0.015343,0.015765,0.015765,21653269
2020-12-21,0.015800,0.024752,0.015800,0.018794,0.018794,244601287
2020-12-22,0.018817,0.019409,0.016312,0.017354,0.017354,50910547
2020-12-23,0.017387,0.022747,0.015866,0.018295,0.018295,108665168
2020-12-24,0.018265,0.019866,0.017240,0.018813,0.018813,68626801
2020-12-25,0.018835,0.019563,0.018489,0.019114,0.019114,65028891
2020-12-26,0.019130,0.022045,0.018926,0.021199,0.021199,92494401
2020-12-27,0.021149,0.023949,0.020391,0.023882,0.023882,133331877
2020-12-28,0.023874,0.028695,0.023241,0.027746,0.027746,164624085
2020-12-29,0.027736,0.030672,0.027488,0.028661,0.028661,155926356
2020-12-30,0.028601,0.029108,0.022206,0.022958,0.022958,125008836
2020-12-31,0.022929,0.022987,0.019143,0.021406,0.021406,97033525
2021-01-01,0.021323,0.021831,0.020019,0.020904,0.020904,67165239
2021-01-02,0.020895,0.020895,0.018928,0.019401,0.019401,60064866
2021-01-03,0.019394,0.020988,0.018406,0.019533,0.019533,65270057
2021-01-04,0.019527,0.020706,0.017327,0.018814,0.018814,50362870
2021-01-05,0.018815,0.021303,0.018556,0.020009,0.020009,57970278
2021-01-06,0.020001,0.022290,0.019714,0.021131,0.021131,61816662
2021-01-07,0.021121,0.021816,0.019687,0.020152,0.020152,60144169
2021-01-08,0.020193,0.020199,0.017937,0.019387,0.019387,46139585
2021-01-09,0.019371,0.020869,0.018981,0.020311,0.020311,44438976
2021-01-10,0.020342,0.021091,0.018309,0.019496,0.019496,49584660
2021-01-11,0.019523,0.019550,0.015546,0.017776,0.017776,44816351
2021-01-12,0.017792,0.018593,0.016709,0.017542,0.017542,34971391
2021-01-13,0.017541,0.020786,0.016973,0.020239,0.020239,47013253
2021-01-14,0.020241,0.021584,0.018858,0.019582,0.019582,67198616
2021-01-15,0.019632,0.020083,0.018034,0.019168,0.019168,43795259
2021-01-16,0.019174,0.020227,0.019174,0.019759,0.019759,49324338
2021-01-17,0.019709,0.020028,0.018475,0.019572,0.019572,40135753
2021-01-18,0.019576,0.021141,0.019020,0.020577,0.020577,56598103
2021-01-19,0.020523,0.023287,0.020190,0.022950,0.022950,84435220
2021-01-20,0.022877,0.023811,0.020824,0.022258,0.022258,72367729
2021-01-21,0.022348,0.022525,0.018804,0.018860,0.018860,39942423
2021-01-22,0.018873,0.020451,0.017147,0.019774,0.019774,49539236
2021-01-23,0.019774,0.020528,0.019376,0.019791,0.019791,43575921
2021-01-24,0.019812,0.020338,0.019377,0.019822,0.019822,40012653
2021-01-25,0.019821,0.020848,0.018844,0.018969,0.018969,44515925
2021-01-26,0.018928,0.020590,0.018434,0.020551,0.020551,48265966
2021-01-27,0.020575,0.020813,0.018613,0.019036,0.019036,47076831
2021-01-28,0.019026,0.020238,0.018647,0.019967,0.019967,43965230
2021-01-29,0.020151,0.020499,0.019539,0.019885,0.019885,55556923
2021-01-30,0.019890,0.022695,0.019515,0.021056,0.021056,66674049
2021-01-31,0.021036,0.022208,0.020388,0.021561,0.021561,59590081
2021-02-01,0.021585,0.023449,0.020975,0.022379,0.022379,72140789
2021-02-02,0.022347,0.023224,0.021922,0.022568,0.022568,52803221
2021-02-03,0.022554,0.024009,0.022470,0.023807,0.023807,60246500
2021-02-04,0.023828,0.024187,0.021724,0.023096,0.023096,71654268
2021-02-05,0.023102,0.025450,0.023002,0.025198,0.025198,51886400
2021-02-06,0.025216,0.025696,0.022460,0.023541,0.023541,66890383
2021-02-07,0.023536,0.023899,0.021687,0.022868,0.022868,57178452
2021-02-08,0.022862,0.024565,0.022000,0.024274,0.024274,46717183
2021-02-09,0.024272,0.027325,0.024062,0.026563,0.026563,63756786
2021-02-10,0.026575,0.030843,0.025200,0.029263,0.029263,105647214
2021-02-11,0.029331,0.032542,0.028501,0.030472,0.030472,85484728
2021-02-12,0.030441,0.037011,0.029775,0.035705,0.035705,137074386
2021-02-13,0.035778,0.037743,0.032978,0.036634,0.036634,96278756
2021-02-14,0.036662,0.038547,0.033752,0.034855,0.034855,70875920
2021-02-15,0.034768,0.038320,0.028720,0.034560,0.034560,113247079
2021-02-16,0.034510,0.037429,0.032983,0.034655,0.034655,73693406
2021-02-17,0.034728,0.038998,0.033398,0.036361,0.036361,95291918
2021-02-18,0.036364,0.039722,0.036364,0.039610,0.039610,50505564
2021-02-19,0.039673,0.066735,0.039673,0.053985,0.053985,686702924
2021-02-20,0.053891,0.056837,0.049564,0.051507,0.051507,166402548
2021-02-21,0.051395,0.057396,0.050194,0.054490,0.054490,121643162
2021-02-22,0.054394,0.055161,0.040550,0.048022,0.048022,100578093
2021-02-23,0.048012,0.049179,0.032913,0.042085,0.042085,100890462
2021-02-24,0.042114,0.056011,0.038901,0.051536,0.051536,289571246
2021-02-25,0.051471,0.061911,0.050034,0.050438,0.050438,244929981
2021-02-26,0.050599,0.054717,0.047611,0.050639,0.050639,125205108
2021-02-27,0.050696,0.058859,0.050565,0.053514,0.053514,160667206
2021-02-28,0.053534,0.054210,0.047734,0.050890,0.050890,94563455
2021-03-01,0.050883,0.056559,0.050407,0.056547,0.056547,97292307
2021-03-02,0.056394,0.069947,0.053698,0.065545,0.065545,374426153
2021-03-03,0.065620,0.091453,0.064950,0.085736,0.085736,825533117
2021-03-04,0.085323,0.149220,0.082429,0.118670,0.118670,2082668282
2021-03-05,0.118876,0.138795,0.108538,0.111427,0.111427,967175270
2021-03-06,0.111557,0.118311,0.101195,0.113466,0.113466,605677902
2021-03-07,0.113452,0.141805,0.113160,0.128621,0.128621,887045750
2021-03-08,0.128575,0.239630,0.128575,0.218353,0.218353,3460192292
2021-03-09,0.218905,0.312558,0.217870,0.266190,0.266190,4358632087
2021-03-10,0.266363,0.274017,0.236031,0.249702,0.249702,1802286177
2021-03-11,0.249618,0.386513,0.246603,0.355811,0.355811,2810365919
2021-03-12,0.356685,0.801409,0.356685,0.727559,0.727559,10557468664
2021-03-13,0.733483,0.891475,0.588194,0.591695,0.591695,4980163307
2021-03-14,0.597119,0.733607,0.571094,0.658845,0.658845,4699358267
2021-03-15,0.658579,0.682403,0.596300,0.610337,0.610337,2543063814
2021-03-16,0.609441,0.612235,0.480024,0.523775,0.523775,2587362231
2021-03-17,0.523834,0.612275,0.483617,0.584860,0.584860,3114685606
2021-03-18,0.585684,0.672739,0.568878,0.645016,0.645016,2718829186
2021-03-19,0.643949,0.714396,0.593655,0.610582,0.610582,2631938279
2021-03-20,0.611294,0.627737,0.545476,0.548391,0.548391,1322986822
2021-03-21,0.550718,0.604114,0.541693,0.554287,0.554287,1231258652
2021-03-22,0.554592,0.564032,0.501842,0.510805,0.510805,754947748
2021-03-23,0.509969,0.536820,0.481743,0.514327,0.514327,943652595
2021-03-24,0.513713,0.563498,0.464479,0.493071,0.493071,1194935457
2021-03-25,0.491891,0.506421,0.465216,0.486001,0.486001,868106318
2021-03-26,0.486803,0.533761,0.486758,0.516374,0.516374,909455430
2021-03-27,0.516524,0.546237,0.494149,0.523649,0.523649,802152115
2021-03-28,0.523650,0.557571,0.513406,0.544123,0.544123,1001316127
2021-03-29,0.544033,0.544376,0.522711,0.531581,0.531581,575413041
2021-03-30,0.531729,0.545478,0.524174,0.530574,0.530574,752229225
2021-03-31,0.531042,0.531624,0.494735,0.506916,0.506916,804949574
2021-04-01,0.506998,0.513090,0.497186,0.502385,0.502385,507197933
2021-04-02,0.502198,0.534829,0.495925,0.505904,0.505904,794239779
2021-04-03,0.505987,0.519892,0.457606,0.466081,0.466081,818141971
2021-04-04,0.466054,0.556418,0.460385,0.500570,0.500570,1536762637
2021-04-05,0.502525,0.513119,0.457726,0.461668,0.461668,813609465
2021-04-06,0.461436,0.469535,0.427943,0.448196,0.448196,675963797
2021-04-07,0.448128,0.494839,0.373106,0.451960,0.451960,1491606740
2021-04-08,0.452697,0.527204,0.438504,0.489342,0.489342,1587427730
2021-04-09,0.489088,0.507020,0.469979,0.482202,0.482202,629019920
2021-04-10,0.483046,0.483046,0.445176,0.460668,0.460668,365645899
2021-04-11,0.461943,0.480806,0.437984,0.466164,0.466164,544582785
2021-04-12,0.465668,0.586969,0.459545,0.568608,0.568608,1856355884
2021-04-13,0.567519,0.573634,0.504404,0.518000,0.518000,1397895900
2021-04-14,0.517976,0.526773,0.478737,0.505820,0.505820,856704687
2021-04-15,0.504131,0.576503,0.496989,0.535702,0.535702,1285155195
2021-04-16,0.534404,0.833977,0.509894,0.773916,0.773916,5539734877
2021-04-17,0.771456,0.793379,0.600669,0.626480,0.626480,2336133635
2021-04-18,0.626215,0.666240,0.463654,0.548926,0.548926,1698779995
2021-04-19,0.550219,0.585043,0.485466,0.506543,0.506543,1048004771
2021-04-20,0.506588,0.537120,0.452055,0.513985,0.513985,985145462
2021-04-21,0.512696,0.582129,0.503784,0.523775,0.523775,1497143261
2021-04-22,0.521705,0.541636,0.444941,0.464978,0.464978,910836734
2021-04-23,0.465083,0.473952,0.325911,0.429892,0.429892,1381883631
2021-04-24,0.430714,0.439772,0.384612,0.387870,0.387870,581240346
2021-04-25,0.388009,0.431031,0.358109,0.391337,0.391337,476344106
2021-04-26,0.392700,0.476175,0.389009,0.456959,0.456959,777174950
2021-04-27,0.456667,0.537543,0.444576,0.516778,0.516778,906391688
2021-04-28,0.517248,0.564657,0.475549,0.535659,0.535659,1002428305
2021-04-29,0.536723,0.612909,0.513770,0.563012,0.563012,1512283269
2021-04-30,0.563054,0.576017,0.540143,0.569856,0.569856,692083597
2021-05-01,0.570281,0.570281,0.541616,0.553664,0.553664,451993631
2021-05-02,0.553638,0.555059,0.515504,0.531485,0.531485,406479063
2021-05-03,0.531927,0.549975,0.519745,0.524162,0.524162,391226574
2021-05-04,0.524420,0.554696,0.478363,0.488009,0.488009,853681214
2021-05-05,0.486160,0.523795,0.481128,0.518300,0.518300,588447898
2021-05-06,0.518835,0.532664,0.492576,0.504331,0.504331,563461909
2021-05-07,0.504392,0.527732,0.492891,0.504987,0.504987,498115836
2021-05-08,0.505341,0.515832,0.492694,0.496748,0.496748,309695960
2021-05-09,0.497301,0.499202,0.456898,0.485129,0.485129,382655946
2021-05-10,0.485557,0.504715,0.396719,0.434600,0.434600,453049158
2021-05-11,0.434971,0.460743,0.425805,0.459114,0.459114,353486650
2021-05-12,0.459200,0.480379,0.389614,0.389614,0.389614,389724046
2021-05-13,0.399516,0.461548,0.366845,0.427628,0.427628,764068858
2021-05-14,0.427958,0.446963,0.417302,0.436520,0.436520,452330445
2021-05-15,0.435421,0.522094,0.426411,0.431345,0.431345,1611122882
2021-05-16,0.431763,0.486198,0.413974,0.436995,0.436995,981006186
2021-05-17,0.435980,0.435980,0.381335,0.406344,0.406344,584895940
2021-05-18,0.405347,0.453803,0.402332,0.418558,0.418558,405271077
2021-05-19,0.419015,0.428962,0.190350,0.265033,0.265033,602085271
2021-05-20,0.262750,0.348241,0.233227,0.309884,0.309884,489382991
2021-05-21,0.308139,0.337779,0.235070,0.280017,0.280017,412817790
2021-05-22,0.280833,0.286432,0.239932,0.252341,0.252341,255137636
2021-05-23,0.253530,0.262049,0.165742,0.215488,0.215488,421005585
2021-05-24,0.213901,0.264488,0.206500,0.262758,0.262758,387513551
2021-05-25,0.264354,0.274627,0.231282,0.257860,0.257860,309391761
2021-05-26,0.258395,0.337849,0.250916,0.335854,0.335854,531866912
2021-05-27,0.335667,0.335844,0.289249,0.298820,0.298820,431230359
2021-05-28,0.300526,0.321995,0.268785,0.287499,0.287499,528329245
2021-05-29,0.287313,0.293694,0.256772,0.270822,0.270822,261390883
2021-05-30,0.270835,0.283999,0.248608,0.269811,0.269811,245063812
2021-05-31,0.269729,0.282899,0.252943,0.282262,0.282262,206071315
2021-06-01,0.281765,0.287264,0.267061,0.272426,0.272426,170206446
2021-06-02,0.272150,0.281966,0.266007,0.277406,0.277406,158259922
2021-06-03,0.277576,0.305913,0.274600,0.294491,0.294491,229940995
2021-06-04,0.294937,0.301210,0.255382,0.269794,0.269794,225237575
2021-06-05,0.269961,0.283413,0.252780,0.260967,0.260967,151439265
2021-06-06,0.260894,0.269203,0.260067,0.266874,0.266874,94556153
2021-06-07,0.266835,0.274728,0.239274,0.240177,0.240177,118987787
2021-06-08,0.241246,0.245573,0.205467,0.233773,0.233773,194797383
2021-06-09,0.233231,0.243671,0.217121,0.241760,0.241760,154129781
2021-06-10,0.241601,0.279388,0.230216,0.277367,0.277367,411948138
2021-06-11,0.277001,0.354215,0.260563,0.295888,0.295888,1696238971
2021-06-12,0.295986,0.320780,0.273515,0.274053,0.274053,682069250
2021-06-13,0.273532,0.288676,0.262982,0.285822,0.285822,365234958
2021-06-14,0.285924,0.297527,0.272602,0.288729,0.288729,389749382
2021-06-15,0.287384,0.335564,0.277318,0.288154,0.288154,345501865
2021-06-16,0.328918,0.367385,0.312175,0.337978,0.337978,1163819909
2021-06-17,0.338753,0.347756,0.316084,0.324605,0.324605,580311220
2021-06-18,0.325399,0.325399,0.279759,0.288736,0.288736,360062391
2021-06-19,0.290050,0.302578,0.281054,0.285301,0.285301,284778719
2021-06-20,0.284199,0.306323,0.266905,0.288189,0.288189,369018241
2021-06-21,0.287904,0.289421,0.211277,0.215207,0.215207,380222370
2021-06-22,0.214774,0.250224,0.180388,0.219104,0.219104,612952760
2021-06-23,0.220141,0.256459,0.211150,0.240256,0.240256,512902061
2021-06-24,0.239545,0.258275,0.227447,0.249633,0.249633,271385224
2021-06-25,0.249891,0.259265,0.223478,0.226349,0.226349,277752122
2021-06-26,0.226093,0.239492,0.217491,0.231372,0.231372,224783414
2021-06-27,0.231677,0.240148,0.225222,0.238485,0.238485,172247365
2021-06-28,0.239204,0.247398,0.234369,0.242749,0.242749,175062815
2021-06-29,0.242940,0.261312,0.242254,0.253055,0.253055,222415050
2021-06-30,0.253654,0.255780,0.234392,0.253718,0.253718,195929265
2021-07-01,0.253818,0.254882,0.235239,0.241151,0.241151,149923303
2021-07-02,0.240973,0.242503,0.230591,0.238222,0.238222,123124185
2021-07-03,0.237792,0.242817,0.234233,0.240486,0.240486,104509479
2021-07-04,0.240444,0.247870,0.236576,0.243211,0.243211,119871716
2021-07-05,0.243591,0.243591,0.230310,0.233933,0.233933,136408934
2021-07-06,0.233923,0.250445,0.233763,0.242596,0.242596,202770854
2021-07-07,0.242686,0.279606,0.238729,0.259505,0.259505,681072880
2021-07-08,0.260243,0.283517,0.242901,0.247939,0.247939,650476496
2021-07-09,0.247728,0.254437,0.231149,0.251800,0.251800,314408736
2021-07-10,0.252816,0.265992,0.247023,0.255505,0.255505,348118936
2021-07-11,0.255667,0.267933,0.250559,0.257895,0.257895,250818243
2021-07-12,0.258471,0.258673,0.241703,0.247944,0.247944,172206659
2021-07-13,0.247773,0.251488,0.237770,0.240273,0.240273,160993520
2021-07-14,0.240456,0.254158,0.224433,0.248739,0.248739,240894449
2021-07-15,0.248318,0.279912,0.243123,0.257988,0.257988,769729966
2021-07-16,0.258902,0.266448,0.236209,0.237221,0.237221,325796555
2021-07-17,0.236894,0.241356,0.230630,0.239121,0.239121,182688264
2021-07-18,0.239406,0.248309,0.233134,0.237232,0.237232,150889773
2021-07-19,0.237070,0.238547,0.223510,0.228086,0.228086,171685346
2021-07-20,0.228644,0.231174,0.199229,0.207005,0.207005,199449968
2021-07-21,0.206758,0.229975,0.200657,0.224222,0.224222,249847441
2021-07-22,0.224644,0.235342,0.220950,0.230781,0.230781,191675318
2021-07-23,0.230657,0.241214,0.224295,0.239080,0.239080,211703052
2021-07-24,0.239003,0.261694,0.235796,0.248580,0.248580,418014763
2021-07-25,0.248334,0.253754,0.240148,0.250202,0.250202,226865374
2021-07-26,0.250733,0.266848,0.244017,0.247876,0.247876,399342710
2021-07-27,0.247614,0.255469,0.240105,0.251507,0.251507,234057240
2021-07-28,0.251764,0.256787,0.245543,0.251249,0.251249,196874207
2021-07-29,0.251523,0.257064,0.247649,0.256158,0.256158,177077888
2021-07-30,0.256345,0.266169,0.249106,0.265367,0.265367,299869127
2021-07-31,0.264841,0.268240,0.257614,0.265691,0.265691,188284906
2021-08-01,0.264951,0.277467,0.258577,0.260888,0.260888,240734181
2021-08-02,0.260455,0.271923,0.257678,0.265933,0.265933,228915652
2021-08-03,0.265836,0.268378,0.253822,0.256819,0.256819,157711393
2021-08-04,0.257468,0.265779,0.253680,0.264584,0.264584,155986812
2021-08-05,0.264578,0.266792,0.255578,0.265802,0.265802,176464100
2021-08-06,0.265787,0.291706,0.261362,0.289295,0.289295,321631029
2021-08-07,0.289622,0.299202,0.280863,0.291870,0.291870,350230293
2021-08-08,0.293039,0.295000,0.271438,0.277044,0.277044,274246832
2021-08-09,0.276770,0.325637,0.265825,0.310300,0.310300,891424566
2021-08-10,0.310306,0.353833,0.306294,0.326676,0.326676,888266467
2021-08-11,0.326746,0.348301,0.321196,0.329982,0.329982,536541734
2021-08-12,0.328307,0.369123,0.312123,0.366445,0.366445,957257103
2021-08-13,0.370192,0.388490,0.358474,0.382210,0.382210,708554773
2021-08-14,0.381758,0.383791,0.361335,0.371472,0.371472,402441892
2021-08-15,0.371489,0.375714,0.352044,0.370678,0.370678,323511967
2021-08-16,0.370469,0.385928,0.351573,0.357447,0.357447,401002930
2021-08-17,0.355893,0.374910,0.329940,0.335552,0.335552,458478530
2021-08-18,0.335355,0.343063,0.316065,0.331932,0.331932,344792007
2021-08-19,0.331323,0.345602,0.320109,0.345080,0.345080,281170310
2021-08-20,0.344958,0.357985,0.340664,0.354049,0.354049,285069000
2021-08-21,0.354719,0.407512,0.346567,0.381751,0.381751,849591599
2021-08-22,0.382735,0.413418,0.366424,0.377942,0.377942,620753436
2021-08-23,0.377651,0.414048,0.373359,0.407280,0.407280,646883992
2021-08-24,0.407413,0.408625,0.358916,0.367728,0.367728,514634914
2021-08-25,0.368227,0.392905,0.350432,0.387079,0.387079,484193842
2021-08-26,0.388021,0.389016,0.353522,0.359325,0.359325,456151897
2021-08-27,0.358601,0.380249,0.345194,0.377363,0.377363,367418838
2021-08-28,0.378136,0.380268,0.365773,0.368425,0.368425,231231191
2021-08-29,0.368534,0.385330,0.358439,0.376308,0.376308,325668102
2021-08-30,0.375830,0.405975,0.365859,0.367653,0.367653,546286560
2021-08-31,0.368580,0.377311,0.361346,0.366603,0.366603,330363220
2021-09-01,0.366070,0.385615,0.359312,0.384680,0.384680,296481353
2021-09-02,0.384502,0.393841,0.377652,0.384939,0.384939,290201667
2021-09-03,0.384597,0.404349,0.377292,0.396350,0.396350,357924352
2021-09-04,0.395962,0.444927,0.393111,0.416613,0.416613,651677389
2021-09-05,0.416742,0.431186,0.409349,0.425597,0.425597,403348119
2021-09-06,0.425300,0.449473,0.406096,0.447781,0.447781,656562291
2021-09-07,0.446737,0.446737,0.288751,0.341530,0.341530,803092868
2021-09-08,0.341383,0.350988,0.306498,0.337185,0.337185,510825474
2021-09-09,0.333942,0.355758,0.331767,0.345446,0.345446,379408435
2021-09-10,0.346508,0.365948,0.320331,0.329746,0.329746,386368999
2021-09-11,0.329559,0.339493,0.324971,0.332673,0.332673,213357527
2021-09-12,0.332935,0.344068,0.321753,0.338229,0.338229,192428172
2021-09-13,0.338244,0.341254,0.301667,0.321606,0.321606,224448721
2021-09-14,0.321662,0.348018,0.318857,0.337053,0.337053,306115468
2021-09-15,0.337019,0.348903,0.331688,0.347088,0.347088,211105069
2021-09-16,0.346951,0.352381,0.330532,0.337551,0.337551,252417272
2021-09-17,0.337678,0.344929,0.322555,0.325150,0.325150,217694596
2021-09-18,0.325443,0.334255,0.322683,0.328581,0.328581,149332259
2021-09-19,0.328475,0.328867,0.311857,0.316379,0.316379,128999280
2021-09-20,0.316412,0.316876,0.267585,0.269589,0.269589,265862322
2021-09-21,0.271435,0.281541,0.242771,0.253829,0.253829,254969508
2021-09-22,0.253045,0.291858,0.249195,0.291562,0.291562,272791202
2021-09-23,0.291085,0.299781,0.284100,0.295687,0.295687,225815123
2021-09-24,0.295775,0.297769,0.255089,0.271943,0.271943,223703558
2021-09-25,0.271944,0.276626,0.258971,0.266936,0.266936,163086126
2021-09-26,0.266744,0.268061,0.248239,0.262860,0.262860,155861328
2021-09-27,0.264022,0.271699,0.254418,0.254678,0.254678,139968727
2021-09-28,0.254300,0.259261,0.243696,0.244444,0.244444,131877805
2021-09-29,0.244620,0.261278,0.243826,0.249400,0.249400,138433854
2021-09-30,0.249395,0.263816,0.248533,0.261782,0.261782,150655296
2021-10-01,0.261960,0.288046,0.258037,0.287353,0.287353,200738935
2021-10-02,0.286968,0.294883,0.279949,0.283934,0.283934,189187176
2021-10-03,0.283414,0.297620,0.277684,0.286975,0.286975,182276061
2021-10-04,0.287149,0.288190,0.273562,0.283128,0.283128,204377973
2021-10-05,0.283315,0.318886,0.281191,0.306157,0.306157,297493813
2021-10-06,0.306445,0.311183,0.282273,0.303069,0.303069,280029995
2021-10-07,0.302938,0.375862,0.291999,0.355988,0.355988,1046242116
2021-10-08,0.355595,0.355595,0.326754,0.333917,0.333917,546384800
2021-10-09,0.332787,0.336736,0.326792,0.331115,0.331115,234223364
2021-10-10,0.331951,0.331951,0.307479,0.309443,0.309443,193588597
2021-10-11,0.308984,0.324840,0.300695,0.308542,0.308542,188038053
2021-10-12,0.308377,0.323926,0.286640,0.315211,0.315211,324774291
2021-10-13,0.315246,0.330123,0.301981,0.327054,0.327054,436610544
2021-10-14,0.327046,0.335641,0.322359,0.330447,0.330447,210101790
2021-10-15,0.331312,0.333623,0.311044,0.319897,0.319897,278838115
2021-10-16,0.320104,0.331993,0.319990,0.328244,0.328244,200972629
2021-10-17,0.328340,0.331690,0.302508,0.311849,0.311849,178441061
2021-10-18,0.311658,0.324917,0.310208,0.320786,0.320786,207051938
2021-10-19,0.320965,0.324315,0.312288,0.316365,0.316365,136852530
2021-10-20,0.316083,0.331376,0.309644,0.328065,0.328065,169335103
2021-10-21,0.328471,0.334783,0.312259,0.314269,0.314269,221789529
2021-10-22,0.314464,0.334625,0.314166,0.323729,0.323729,229837986
2021-10-23,0.324022,0.330153,0.317815,0.328483,0.328483,122795768
2021-10-24,0.328281,0.329057,0.310221,0.317326,0.317326,131543543
2021-10-25,0.316920,0.342602,0.315473,0.336617,0.336617,199587795
2021-10-26,0.336789,0.366002,0.332998,0.340459,0.340459,383168071
2021-10-27,0.340453,0.360868,0.281745,0.300359,0.300359,506161961
2021-10-28,0.299762,0.331315,0.295987,0.322111,0.322111,432239724
2021-10-29,0.323476,0.361017,0.318697,0.353257,0.353257,636122796
2021-10-30,0.354952,0.643009,0.339011,0.514939,0.514939,3231315277
2021-10-31,0.525116,0.591069,0.391890,0.417766,0.417766,3272823896
2021-11-01,0.417258,0.495083,0.408983,0.452356,0.452356,1924343769
2021-11-02,0.451645,0.524546,0.445372,0.496411,0.496411,1718516716
2021-11-03,0.496308,0.507555,0.436937,0.456582,0.456582,894468646
2021-11-04,0.453880,0.489418,0.423816,0.439171,0.439171,794875990
2021-11-05,0.439146,0.482277,0.439146,0.459803,0.459803,871927865
2021-11-06,0.459241,0.539109,0.441709,0.506651,0.506651,1400235377
2021-11-07,0.508271,0.527043,0.476260,0.489636,0.489636,756334969
2021-11-08,0.489364,0.491482,0.462091,0.481030,0.481030,495578676
2021-11-09,0.479846,0.489434,0.464441,0.470645,0.470645,410101233
2021-11-10,0.471155,0.550729,0.440096,0.480690,0.480690,1693225875
2021-11-11,0.480880,0.524093,0.463010,0.514900,0.514900,1015066001
2021-11-12,0.513880,0.568673,0.490594,0.557840,0.557840,1426239765
2021-11-13,0.565088,0.593525,0.526415,0.537471,0.537471,1253683504
2021-11-14,0.537231,0.559656,0.524442,0.552476,0.552476,712984537
2021-11-15,0.553191,0.585295,0.528860,0.535207,0.535207,810404571
2021-11-16,0.536342,0.536342,0.453197,0.491130,0.491130,924828997
2021-11-17,0.489879,0.515581,0.476726,0.496360,0.496360,625472863
2021-11-18,0.496414,0.496414,0.417893,0.431497,0.431497,669015292
2021-11-19,0.430034,0.474320,0.423111,0.461753,0.461753,477598122
2021-11-20,0.462204,0.484893,0.449710,0.470168,0.470168,412931186
2021-11-21,0.470171,0.470673,0.441890,0.443252,0.443252,312341418
2021-11-22,0.442911,0.447702,0.422378,0.434251,0.434251,343464150
2021-11-23,0.434132,0.454463,0.421825,0.434477,0.434477,430883580
2021-11-24,0.435287,0.490084,0.420930,0.424190,0.424190,417642002
2021-11-25,0.488295,0.529398,0.472218,0.515960,0.515960,1341787471
2021-11-26,0.504065,0.506091,0.426152,0.442202,0.442202,702952633
2021-11-27,0.444718,0.467156,0.433158,0.448107,0.448107,366955705
2021-11-28,0.448400,0.448400,0.408882,0.443719,0.443719,385226082
2021-11-29,0.444823,0.475011,0.434995,0.459925,0.459925,530857908
2021-11-30,0.459817,0.463323,0.437950,0.438938,0.438938,382689174
2021-12-01,0.438396,0.453311,0.427644,0.435882,0.435882,283386564
2021-12-02,0.436257,0.436257,0.413460,0.421411,0.421411,233120232
2021-12-03,0.422742,0.428500,0.381472,0.394436,0.394436,294838148
2021-12-04,0.396220,0.396220,0.243525,0.339682,0.339682,696906429
2021-12-05,0.338699,0.354676,0.304103,0.317633,0.317633,398960284
2021-12-06,0.318731,0.324080,0.280446,0.321756,0.321756,355738301
2021-12-07,0.322282,0.340242,0.313443,0.318870,0.318870,290481983
2021-12-08,0.318200,0.333847,0.303648,0.330175,0.330175,262998014
2021-12-09,0.329634,0.335224,0.297579,0.298231,0.298231,240387964
2021-12-10,0.297408,0.310047,0.283117,0.284196,0.284196,192203615
2021-12-11,0.284556,0.298884,0.280668,0.297566,0.297566,133963339
2021-12-12,0.297250,0.308733,0.293320,0.303884,0.303884,119836858
2021-12-13,0.304124,0.310724,0.265807,0.270950,0.270950,173629923
2021-12-14,0.270567,0.292362,0.262090,0.270441,0.270441,218822441
2021-12-15,0.279088,0.292221,0.259384,0.286630,0.286630,194272774
2021-12-16,0.286901,0.298055,0.278125,0.279300,0.279300,167171634
2021-12-17,0.279540,0.286168,0.255538,0.266374,0.266374,188846749
2021-12-18,0.266894,0.275063,0.259789,0.272375,0.272375,126653454
2021-12-19,0.272162,0.275512,0.261162,0.263041,0.263041,117455038
2021-12-20,0.263426,0.273354,0.248564,0.267465,0.267465,177900270
2021-12-21,0.267490,0.284989,0.263452,0.280584,0.280584,149371512
2021-12-22,0.280728,0.293331,0.278219,0.285406,0.285406,127939997
2021-12-23,0.285245,0.314318,0.281482,0.312385,0.312385,180169902
2021-12-24,0.312901,0.318163,0.298906,0.301373,0.301373,164611972
2021-12-25,0.302330,0.321946,0.299771,0.318188,0.318188,181036565
2021-12-26,0.318232,0.332645,0.313151,0.330359,0.330359,222373182
2021-12-27,0.329841,0.352773,0.326893,0.336768,0.336768,262990652
2021-12-28,0.336667,0.336667,0.301345,0.304504,0.304504,272716779
2021-12-29,0.303906,0.307767,0.285061,0.286764,0.286764,224737143
2021-12-30,0.287334,0.296829,0.279568,0.290162,0.290162,163418062
2021-12-31,0.289907,0.295038,0.276295,0.283713,0.283713,152692023
2022-01-01,0.283732,0.294191,0.283430,0.294191,0.294191,106695225
2022-01-02,0.294163,0.315968,0.293914,0.311136,0.311136,219090840
2022-01-03,0.311130,0.318070,0.294117,0.300121,0.300121,164139645
2022-01-04,0.300626,0.315699,0.293164,0.302454,0.302454,177172559
2022-01-05,0.302471,0.324046,0.267144,0.279957,0.279957,290467131
2022-01-06,0.279935,0.283491,0.269184,0.281109,0.281109,196835865
2022-01-07,0.281077,0.281707,0.261021,0.263906,0.263906,190352403
2022-01-08,0.263928,0.272421,0.244416,0.255964,0.255964,146904217
2022-01-09,0.255958,0.268362,0.253871,0.260990,0.260990,114834834
2022-01-10,0.260979,0.268752,0.238507,0.250449,0.250449,169899029
2022-01-11,0.250495,0.264192,0.245500,0.262642,0.262642,124496753
2022-01-12,0.262729,0.277714,0.262729,0.276769,0.276769,130163907
2022-01-13,0.276761,0.278950,0.261750,0.263170,0.263170,125333496
2022-01-14,0.263183,0.271662,0.257240,0.266990,0.266990,121612458
2022-01-15,0.266990,0.271376,0.262939,0.267575,0.267575,87729357
2022-01-16,0.267422,0.276025,0.265064,0.269314,0.269314,129578583
2022-01-17,0.269325,0.269955,0.252641,0.256761,0.256761,121650359
2022-01-18,0.256751,0.265307,0.247950,0.258929,0.258929,172643898
2022-01-19,0.258932,0.260177,0.242156,0.246869,0.246869,125134925
2022-01-20,0.246814,0.258052,0.234394,0.234417,0.234417,79372106
2022-01-21,0.234530,0.239537,0.193370,0.196568,0.196568,199704197
2022-01-22,0.196747,0.200165,0.164506,0.175842,0.175842,239310338
2022-01-23,0.175909,0.189557,0.174098,0.184148,0.184148,149476109
2022-01-24,0.184183,0.184801,0.159192,0.174930,0.174930,182899247
2022-01-25,0.174934,0.178480,0.168226,0.171797,0.171797,138040812
2022-01-26,0.171797,0.187985,0.168726,0.172677,0.172677,184798091
2022-01-27,0.172647,0.179433,0.165308,0.175132,0.175132,172280457
2022-01-28,0.175112,0.179813,0.171457,0.179337,0.179337,116744891
2022-01-29,0.179343,0.185429,0.178798,0.183421,0.183421,105164410
2022-01-30,0.183445,0.190256,0.178489,0.181390,0.181390,122804067
2022-01-31,0.181399,0.190881,0.173511,0.188531,0.188531,118039505
2022-02-01,0.188539,0.191310,0.185913,0.187919,0.187919,96224695
2022-02-02,0.187894,0.194971,0.179304,0.180066,0.180066,125447875
2022-02-03,0.180031,0.183020,0.176773,0.182738,0.182738,75746260
2022-02-04,0.182701,0.202135,0.182012,0.201957,0.201957,151313872
2022-02-05,0.201975,0.213574,0.200984,0.209017,0.209017,144214933
2022-02-06,0.209040,0.229718,0.209000,0.229718,0.229718,193281915
2022-02-07,0.229759,0.235941,0.223294,0.233708,0.233708,186799855
2022-02-08,0.233708,0.236700,0.211527,0.225929,0.225929,210762782
2022-02-09,0.225827,0.242850,0.218047,0.240889,0.240889,196467445
2022-02-10,0.240882,0.245502,0.222853,0.223487,0.223487,308429198
2022-02-11,0.223518,0.231318,0.201685,0.205093,0.205093,179211579
2022-02-12,0.205108,0.209923,0.197555,0.205410,0.205410,128205342
2022-02-13,0.205407,0.208464,0.198517,0.201510,0.201510,94351528
2022-02-14,0.201435,0.205374,0.195627,0.204456,0.204456,101004457
2022-02-15,0.204449,0.221469,0.204295,0.221225,0.221225,156472485
2022-02-16,0.221259,0.222488,0.211814,0.219558,0.219558,121576791
2022-02-17,0.219551,0.229971,0.199926,0.201293,0.201293,171346230
2022-02-18,0.201373,0.207735,0.194317,0.196804,0.196804,111591854
2022-02-19,0.196773,0.200618,0.190820,0.198050,0.198050,66961414
2022-02-20,0.198004,0.198152,0.182475,0.186281,0.186281,97547858
2022-02-21,0.186259,0.196426,0.167863,0.168564,0.168564,149118943
2022-02-22,0.168540,0.178673,0.162361,0.177621,0.177621,125760073
2022-02-23,0.177624,0.186494,0.169925,0.170183,0.170183,124873982
2022-02-24,0.170147,0.170565,0.144935,0.163582,0.163582,244263329
2022-02-25,0.163599,0.175494,0.161340,0.173517,0.173517,136600369
2022-02-26,0.173530,0.179930,0.173530,0.174751,0.174751,91311646
2022-02-27,0.174741,0.177754,0.164448,0.167105,0.167105,100506834
2022-02-28,0.167109,0.192932,0.164583,0.191837,0.191837,276071196
2022-03-01,0.191837,0.196203,0.186029,0.195338,0.195338,187446139
2022-03-02,0.195310,0.208033,0.191569,0.196435,0.196435,229290706
2022-03-03,0.196444,0.198578,0.184484,0.194254,0.194254,158385893
2022-03-04,0.194768,0.205806,0.188095,0.194401,0.194401,313424491
2022-03-05,0.194481,0.233982,0.188465,0.231211,0.231211,631066428
2022-03-06,0.231246,0.233973,0.207623,0.207853,0.207853,432146960
2022-03-07,0.207830,0.207830,0.190523,0.194564,0.194564,238298425
2022-03-08,0.194556,0.198154,0.190639,0.194272,0.194272,156305344
2022-03-09,0.194309,0.205513,0.194187,0.200323,0.200323,178501011
2022-03-10,0.200322,0.200686,0.184203,0.196437,0.196437,173287686
2022-03-11,0.196415,0.201103,0.190696,0.193111,0.193111,152312444
2022-03-12,0.193103,0.211587,0.192249,0.200948,0.200948,251034610
2022-03-13,0.200881,0.214704,0.194161,0.194552,0.194552,352194992
2022-03-14,0.194457,0.197229,0.189088,0.195251,0.195251,217390527
2022-03-15,0.195244,0.195661,0.188585,0.191242,0.191242,139347007
2022-03-16,0.191237,0.202762,0.189308,0.202605,0.202605,157495246
2022-03-17,0.202606,0.212847,0.198169,0.210113,0.210113,200482720
2022-03-18,0.210077,0.210838,0.198698,0.208168,0.208168,145757853
2022-03-19,0.208143,0.215963,0.206463,0.210269,0.210269,147339204
2022-03-20,0.210333,0.211017,0.200237,0.202925,0.202925,115358434
2022-03-21,0.202910,0.203711,0.196529,0.203004,0.203004,140594966
2022-03-22,0.202995,0.213529,0.201933,0.208238,0.208238,182063308
2022-03-23,0.208252,0.212406,0.204146,0.211995,0.211995,167165041
2022-03-24,0.211986,0.224275,0.211837,0.220078,0.220078,234516931
2022-03-25,0.220095,0.253591,0.217445,0.247848,0.247848,505954330
2022-03-26,0.247743,0.247743,0.235786,0.241480,0.241480,217953339
2022-03-27,0.241489,0.275863,0.238369,0.268762,0.268762,494851692
2022-03-28,0.268770,0.281780,0.256165,0.258268,0.258268,381710778
2022-03-29,0.257991,0.319124,0.257991,0.294064,0.294064,913558567
2022-03-30,0.293863,0.328695,0.293160,0.300760,0.300760,961421611
2022-03-31,0.300781,0.313752,0.279925,0.282449,0.282449,544276993
2022-04-01,0.282557,0.290198,0.265721,0.280007,0.280007,385819411
2022-04-02,0.280037,0.292816,0.275821,0.278157,0.278157,349500129
2022-04-03,0.277988,0.288796,0.272690,0.282981,0.282981,233513481
2022-04-04,0.282968,0.285547,0.255906,0.270390,0.270390,277393224
2022-04-05,0.270387,0.276428,0.259277,0.259277,0.259277,202962569
2022-04-06,0.259278,0.259443,0.226610,0.226700,0.226700,243954200
2022-04-07,0.226737,0.244221,0.224109,0.240680,0.240680,195115713
2022-04-08,0.240696,0.245606,0.227620,0.229939,0.229939,165730624
2022-04-09,0.229939,0.245698,0.229831,0.244116,0.244116,173646177
2022-04-10,0.244166,0.246122,0.235116,0.236322,0.236322,145610567
2022-04-11,0.236053,0.247953,0.215685,0.217405,0.217405,290381410
2022-04-12,0.217408,0.231208,0.215182,0.226985,0.226985,200030430
2022-04-13,0.226981,0.253128,0.222272,0.242585,0.242585,416270566
2022-04-14,0.242558,0.257972,0.233463,0.236951,0.236951,304977704
2022-04-15,0.236946,0.243301,0.233229,0.238131,0.238131,137321349
2022-04-16,0.238127,0.240814,0.230526,0.234606,0.234606,101176525
2022-04-17,0.234612,0.242992,0.221878,0.222347,0.222347,149882017
2022-04-18,0.222347,0.229634,0.211995,0.229435,0.229435,182130072
2022-04-19,0.229452,0.234707,0.225080,0.229633,0.229633,166884470
2022-04-20,0.229630,0.237101,0.221045,0.225225,0.225225,190577892
2022-04-21,0.225232,0.234813,0.215182,0.217628,0.217628,174510599
2022-04-22,0.217629,0.224205,0.217011,0.219816,0.219816,126184433
2022-04-23,0.219820,0.221253,0.216213,0.216327,0.216327,89993419
2022-04-24,0.216282,0.218056,0.208888,0.211068,0.211068,97296118
2022-04-25,0.211108,0.212245,0.193761,0.212197,0.212197,167412533
2022-04-26,0.212189,0.217845,0.193833,0.195858,0.195858,150508498
2022-04-27,0.195870,0.210322,0.194549,0.210322,0.210322,121476464
2022-04-28,0.210245,0.210245,0.199980,0.202210,0.202210,125087041
2022-04-29,0.202193,0.203358,0.186905,0.189895,0.189895,117137008
2022-04-30,0.189905,0.193017,0.167690,0.171179,0.171179,115293984
2022-05-01,0.171188,0.185490,0.169020,0.182535,0.182535,117440835
2022-05-02,0.182502,0.185023,0.172608,0.178652,0.178652,107931087
2022-05-03,0.178639,0.190677,0.175332,0.177967,0.177967,107406368
2022-05-04,0.177966,0.197888,0.177665,0.195498,0.195498,139164891
2022-05-05,0.195493,0.199409,0.171755,0.175921,0.175921,131414655
2022-05-06,0.175914,0.178683,0.167710,0.172878,0.172878,100785216
2022-05-07,0.172890,0.173785,0.163128,0.167482,0.167482,81646627
2022-05-08,0.167479,0.168371,0.160468,0.162124,0.162124,91120222
2022-05-09,0.162190,0.165686,0.135046,0.135073,0.135073,143557947
2022-05-10,0.135050,0.154873,0.129534,0.142160,0.142160,197616099
2022-05-11,0.142101,0.146166,0.100509,0.106405,0.106405,212685178
2022-05-12,0.106424,0.112304,0.085107,0.096827,0.096827,214715257
2022-05-13,0.096838,0.123515,0.096102,0.111172,0.111172,147236972
2022-05-14,0.111173,0.121031,0.105998,0.118151,0.118151,99924646
2022-05-15,0.118145,0.125302,0.112063,0.125242,0.125242,77803041
2022-05-16,0.125250,0.125346,0.111068,0.113407,0.113407,79254223
2022-05-17,0.113433,0.121560,0.113433,0.119780,0.119780,72121079
2022-05-18,0.119773,0.140265,0.116465,0.119296,0.119296,291670208
2022-05-19,0.119233,0.124227,0.110166,0.122951,0.122951,169699665
2022-05-20,0.122954,0.128673,0.114863,0.118144,0.118144,105870452
2022-05-21,0.118154,0.122273,0.116414,0.120898,0.120898,58925512
2022-05-22,0.120888,0.126015,0.118834,0.124106,0.124106,80471035
2022-05-23,0.124128,0.128117,0.116915,0.117549,0.117549,91255777
2022-05-24,0.117550,0.120376,0.111981,0.118882,0.118882,69360069
2022-05-25,0.118881,0.126063,0.117277,0.119785,0.119785,82174923
2022-05-26,0.119824,0.123026,0.106523,0.112881,0.112881,98398230
2022-05-27,0.112884,0.113343,0.105381,0.106911,0.106911,78412400
2022-05-28,0.109152,0.114217,0.106454,0.112770,0.112770,50768834
2022-05-29,0.112753,0.114568,0.109599,0.113415,0.113415,44151143
2022-05-30,0.113411,0.121967,0.112675,0.121656,0.121656,68639228
2022-05-31,0.121652,0.130072,0.118065,0.121810,0.121810,95418228
2022-06-01,0.121832,0.129451,0.115400,0.118164,0.118164,134949651
2022-06-02,0.118123,0.126358,0.117987,0.125000,0.125000,99604936
2022-06-03,0.124994,0.125711,0.118296,0.121844,0.121844,60049944
2022-06-04,0.121868,0.128959,0.121679,0.127661,0.127661,90971586
2022-06-05,0.127680,0.128437,0.122423,0.126020,0.126020,56448354
2022-06-06,0.126033,0.135473,0.126033,0.129120,0.129120,97141113
2022-06-07,0.129202,0.129268,0.118334,0.123456,0.123456,85370660
2022-06-08,0.123460,0.124750,0.119487,0.120080,0.120080,54445799
2022-06-09,0.120110,0.122086,0.118525,0.119515,0.119515,89068577
2022-06-10,0.119522,0.120399,0.112032,0.113633,0.113633,55972131
2022-06-11,0.113641,0.117677,0.101903,0.104446,0.104446,62184909
2022-06-12,0.104478,0.105530,0.094420,0.098209,0.098209,79278535
2022-06-13,0.098120,0.099031,0.085194,0.093765,0.093765,110391549
2022-06-14,0.093771,0.098699,0.086479,0.094632,0.094632,92636457
2022-06-15,0.094609,0.102596,0.086085,0.102513,0.102513,104919941
2022-06-16,0.102541,0.104077,0.090222,0.092175,0.092175,66867390
2022-06-17,0.092191,0.099707,0.091475,0.094715,0.094715,64954822
2022-06-18,0.094711,0.096104,0.081354,0.086863,0.086863,79367212
2022-06-19,0.086849,0.094239,0.083363,0.093237,0.093237,72516603
2022-06-20,0.093236,0.095016,0.088150,0.093580,0.093580,67090417
2022-06-21,0.093569,0.099831,0.092582,0.095062,0.095062,77249540
2022-06-22,0.095088,0.095731,0.091230,0.092062,0.092062,58400326
2022-06-23,0.092059,0.098560,0.092003,0.097933,0.097933,63534638
2022-06-24,0.097911,0.103114,0.097226,0.101188,0.101188,69567514
2022-06-25,0.101192,0.105693,0.097520,0.105032,0.105032,68074657
2022-06-26,0.105004,0.106438,0.098038,0.098202,0.098202,71978074
2022-06-27,0.098203,0.111527,0.098203,0.109049,0.109049,187075437
2022-06-28,0.109014,0.118281,0.102011,0.102341,0.102341,271660049
2022-06-29,0.102337,0.104874,0.099095,0.099852,0.099852,83681929
2022-06-30,0.099865,0.100103,0.091924,0.097079,0.097079,77083223
2022-07-01,0.097154,0.099589,0.093828,0.094469,0.094469,64000380
2022-07-02,0.094504,0.099769,0.093782,0.097078,0.097078,63534433
2022-07-03,0.097076,0.099796,0.095783,0.098488,0.098488,49430598
2022-07-04,0.098485,0.102144,0.097159,0.101707,0.101707,78348546
2022-07-05,0.101710,0.102822,0.096493,0.098478,0.098478,70163408
2022-07-06,0.098497,0.100155,0.097172,0.099733,0.099733,53345417
2022-07-07,0.099731,0.104343,0.098807,0.103849,0.103849,55398237
2022-07-08,0.103834,0.105126,0.099382,0.101130,0.101130,62923222
2022-07-09,0.101118,0.104061,0.100912,0.103017,0.103017,46062999
2022-07-10,0.103014,0.108381,0.101156,0.105159,0.105159,122754323
2022-07-11,0.105154,0.110042,0.104355,0.105978,0.105978,163140870
2022-07-12,0.106019,0.109199,0.097204,0.097204,0.097204,103299904
2022-07-13,0.097173,0.101845,0.094959,0.101845,0.101845,90283504
2022-07-14,0.101844,0.106281,0.098533,0.104501,0.104501,99847320
2022-07-15,0.104507,0.107547,0.102963,0.105913,0.105913,127678043
2022-07-16,0.105903,0.112533,0.104742,0.110142,0.110142,108258384
2022-07-17,0.110166,0.112016,0.105605,0.105615,0.105615,76138841
2022-07-18,0.105622,0.117240,0.105622,0.114677,0.114677,122678260
2022-07-19,0.114638,0.119728,0.111920,0.116576,0.116576,124200052
2022-07-20,0.116616,0.120221,0.108455,0.109043,0.109043,120512182
2022-07-21,0.109033,0.110716,0.104983,0.109892,0.109892,97247081
2022-07-22,0.109900,0.113342,0.104692,0.106135,0.106135,86283360
2022-07-23,0.106104,0.109891,0.105123,0.108697,0.108697,66091938
2022-07-24,0.108701,0.110953,0.107975,0.108623,0.108623,51615384
2022-07-25,0.108617,0.108995,0.101368,0.101757,0.101757,64802118
2022-07-26,0.101786,0.103011,0.099732,0.103011,0.103011,52963259
2022-07-27,0.103052,0.113511,0.101731,0.113511,0.113511,87810118
2022-07-28,0.113509,0.122246,0.110766,0.120576,0.120576,154257243
2022-07-29,0.120584,0.135435,0.114988,0.128991,0.128991,289965849
2022-07-30,0.128986,0.135109,0.125650,0.126254,0.126254,205633470
2022-07-31,0.126208,0.131698,0.121664,0.122128,0.122128,127967936
2022-08-01,0.122129,0.161559,0.121834,0.148918,0.148918,580712505
2022-08-02,0.148872,0.156233,0.134091,0.135995,0.135995,443935329
2022-08-03,0.136031,0.139973,0.130978,0.133572,0.133572,161826537
2022-08-04,0.133576,0.148821,0.133576,0.144661,0.144661,249497396
2022-08-05,0.144663,0.148157,0.141450,0.145127,0.145127,147694878
2022-08-06,0.145134,0.152753,0.143938,0.145738,0.145738,116852075
2022-08-07,0.145774,0.154895,0.143251,0.151131,0.151131,143323693
2022-08-08,0.151134,0.155830,0.149632,0.152062,0.152062,126919373
2022-08-09,0.152062,0.152236,0.142462,0.145909,0.145909,130316819
2022-08-10,0.145904,0.153962,0.141561,0.152576,0.152576,134508717
2022-08-11,0.152585,0.156083,0.148951,0.148996,0.148996,129878340
2022-08-12,0.148990,0.165465,0.146856,0.163883,0.163883,266526342
2022-08-13,0.163890,0.163890,0.158299,0.160879,0.160879,120209999
2022-08-14,0.160909,0.190158,0.160710,0.181256,0.181256,529767099
2022-08-15,0.181244,0.203030,0.172517,0.197270,0.197270,556495208
2022-08-16,0.197312,0.214955,0.195234,0.209699,0.209699,605570008
2022-08-17,0.209688,0.225901,0.201686,0.221919,0.221919,692496232
2022-08-18,0.221927,0.228633,0.210328,0.210328,0.210328,568717768
2022-08-19,0.210185,0.210185,0.191269,0.195340,0.195340,644346739
2022-08-20,0.195349,0.199139,0.175125,0.183007,0.183007,407822872
2022-08-21,0.182975,0.193237,0.179242,0.187060,0.187060,346843463
2022-08-22,0.187046,0.222823,0.182915,0.221774,0.221774,624878780
2022-08-23,0.221811,0.257827,0.216114,0.249499,0.249499,901883753
2022-08-24,0.249550,0.263575,0.235153,0.242247,0.242247,751523780
2022-08-25,0.242253,0.242944,0.220256,0.224285,0.224285,465252495
2022-08-26,0.224282,0.238860,0.203231,0.207100,0.207100,777686389
2022-08-27,0.207020,0.222664,0.207020,0.220265,0.220265,500194464
2022-08-28,0.220251,0.232083,0.211187,0.211187,0.211187,478273895
2022-08-29,0.210805,0.217291,0.202665,0.214954,0.214954,460715625
2022-08-30,0.214961,0.216599,0.193339,0.196294,0.196294,399375510
2022-08-31,0.196311,0.219807,0.196311,0.216270,0.216270,618559706
2022-09-01,0.216463,0.219732,0.202165,0.213026,0.213026,378313205
2022-09-02,0.213035,0.225974,0.208474,0.218212,0.218212,385135881
2022-09-03,0.218290,0.225242,0.212817,0.217536,0.217536,318830575
2022-09-04,0.217457,0.217457,0.209885,0.212666,0.212666,184262748
2022-09-05,0.212687,0.213852,0.201729,0.207118,0.207118,225070798
2022-09-06,0.207136,0.209518,0.182750,0.185129,0.185129,378223891
2022-09-07,0.185036,0.193872,0.183507,0.193296,0.193296,277934328
2022-09-08,0.193283,0.196909,0.183860,0.186835,0.186835,256967391
2022-09-09,0.186813,0.206853,0.186441,0.203300,0.203300,427230708
2022-09-10,0.203273,0.205434,0.197991,0.201682,0.201682,210027712
2022-09-11,0.201619,0.219913,0.197479,0.208024,0.208024,379448537
2022-09-12,0.208006,0.208549,0.196139,0.201124,0.201124,278540813
2022-09-13,0.201120,0.208552,0.190722,0.196106,0.196106,461591675
2022-09-14,0.193401,0.198742,0.188284,0.191813,0.191813,278919939
2022-09-15,0.191800,0.197019,0.180265,0.190015,0.190015,377685752
2022-09-16,0.190071,0.211784,0.189816,0.209852,0.209852,535081374
2022-09-17,0.209920,0.226920,0.208651,0.225465,0.225465,433775512
2022-09-18,0.225332,0.244266,0.221709,0.229297,0.229297,767203067
2022-09-19,0.229301,0.254380,0.223137,0.252699,0.252699,1031500191
2022-09-20,0.252750,0.254620,0.236065,0.239939,0.239939,559237924
2022-09-21,0.239855,0.249227,0.222597,0.228312,0.228312,704739858
2022-09-22,0.228254,0.272065,0.228115,0.268731,0.268731,813783956
2022-09-23,0.268687,0.281612,0.259862,0.270288,0.270288,918103360
2022-09-24,0.270265,0.272155,0.256413,0.264904,0.264904,483314072
2022-09-25,0.264845,0.274204,0.253774,0.256372,0.256372,493556345
2022-09-26,0.256392,0.261960,0.244976,0.256439,0.256439,479960403
2022-09-27,0.256552,0.266207,0.243614,0.249138,0.249138,546870566
2022-09-28,0.249120,0.249222,0.232135,0.239944,0.239944,390172694
2022-09-29,0.239998,0.241013,0.231138,0.240962,0.240962,353699772
2022-09-30,0.240935,0.241939,0.233081,0.234971,0.234971,267667530
2022-10-01,0.234974,0.248938,0.234824,0.238165,0.238165,286784681
2022-10-02,0.238204,0.241661,0.216074,0.216127,0.216127,358478456
2022-10-03,0.216076,0.222506,0.209524,0.221235,0.221235,335332271
2022-10-04,0.221183,0.221888,0.213873,0.218499,0.218499,282384676
2022-10-05,0.218502,0.223948,0.210564,0.216828,0.216828,262110287
2022-10-06,0.216846,0.220126,0.212901,0.214079,0.214079,195215560
2022-10-07,0.214078,0.221634,0.212973,0.221046,0.221046,311226385
2022-10-08,0.221018,0.222062,0.211743,0.214232,0.214232,141536622
2022-10-09,0.214358,0.216795,0.212286,0.215019,0.215019,112668751
2022-10-10,0.215009,0.216883,0.188914,0.188914,0.188914,314088971
2022-10-11,0.188911,0.195913,0.184087,0.194370,0.194370,264032574
2022-10-12,0.194356,0.195824,0.187971,0.189834,0.189834,144587708
2022-10-13,0.189828,0.189945,0.166183,0.184139,0.184139,380148727
2022-10-14,0.184108,0.193534,0.177099,0.180053,0.180053,214999289
2022-10-15,0.180049,0.182588,0.174789,0.180131,0.180131,159173513
2022-10-16,0.180145,0.186211,0.178810,0.181465,0.181465,138806903
2022-10-17,0.181464,0.187855,0.178872,0.186897,0.186897,132913291
2022-10-18,0.186899,0.189448,0.179747,0.182902,0.182902,145921602
2022-10-19,0.182926,0.183537,0.167331,0.170246,0.170246,145747075
2022-10-20,0.170183,0.172901,0.164686,0.168520,0.168520,140087814
2022-10-21,0.168484,0.185433,0.164480,0.184558,0.184558,299856484
2022-10-22,0.184515,0.187794,0.181166,0.183898,0.183898,174340146
2022-10-23,0.183896,0.185367,0.177386,0.185005,0.185005,146467672
2022-10-24,0.185019,0.194984,0.178512,0.192567,0.192567,265272746
2022-10-25,0.192562,0.199488,0.189021,0.198095,0.198095,311722358
2022-10-26,0.198115,0.203989,0.195538,0.201613,0.201613,270933691
2022-10-27,0.201617,0.206898,0.190824,0.191337,0.191337,272353022
2022-10-28,0.191348,0.201418,0.186995,0.198206,0.198206,246972515
2022-10-29,0.198148,0.203724,0.193896,0.196855,0.196855,271257522
2022-10-30,0.196870,0.228259,0.194410,0.224846,0.224846,702899675
2022-10-31,0.224881,0.238364,0.217655,0.220639,0.220639,627151608
2022-11-01,0.220675,0.235413,0.216903,0.226993,0.226993,530631262
2022-11-02,0.227037,0.246420,0.222829,0.239723,0.239723,781795075
2022-11-03,0.239760,0.249344,0.233746,0.236753,0.236753,482246904
2022-11-04,0.236740,0.257071,0.229415,0.255970,0.255970,480129911
2022-11-05,0.255943,0.277413,0.252379,0.268811,0.268811,625223171
2022-11-06,0.268798,0.290560,0.262487,0.273807,0.273807,827072189
2022-11-07,0.273570,0.295243,0.256365,0.275063,0.275063,937357262
2022-11-08,0.275071,0.277968,0.182225,0.212018,0.212018,1721181244
2022-11-09,0.212094,0.214353,0.147141,0.154462,0.154462,972587948
2022-11-10,0.154465,0.214660,0.151718,0.212687,0.212687,1087561167
2022-11-11,0.212773,0.234714,0.203041,0.226449,0.226449,1298669511
2022-11-12,0.226435,0.228203,0.205222,0.213772,0.213772,507046319
2022-11-13,0.213805,0.217206,0.192861,0.200454,0.200454,417555329
2022-11-14,0.200435,0.209735,0.179380,0.197813,0.197813,674641015
2022-11-15,0.197812,0.225650,0.193872,0.219896,0.219896,657222430
2022-11-16,0.219887,0.238278,0.217500,0.229578,0.229578,827361098
2022-11-17,0.229640,0.238372,0.221298,0.233812,0.233812,524148303
2022-11-18,0.233809,0.269137,0.233506,0.268178,0.268178,885090924
2022-11-19,0.268137,0.271414,0.243877,0.244877,0.244877,854411149
2022-11-20,0.244938,0.245475,0.193584,0.197668,0.197668,1083890167
2022-11-21,0.197656,0.201420,0.180101,0.185841,0.185841,702815187
2022-11-22,0.185770,0.188314,0.170147,0.182140,0.182140,531216955
2022-11-23,0.182167,0.186512,0.176391,0.184376,0.184376,354285287
2022-11-24,0.184373,0.184373,0.174500,0.177323,0.177323,231932422
2022-11-25,0.177308,0.177308,0.169168,0.176436,0.176436,206310106
2022-11-26,0.176410,0.179156,0.170486,0.172745,0.172745,192710935
2022-11-27,0.172736,0.175870,0.169575,0.169873,0.169873,154443301
2022-11-28,0.169850,0.170230,0.157198,0.164671,0.164671,332587926
2022-11-29,0.164638,0.167376,0.161401,0.163342,0.163342,169368650
2022-11-30,0.163352,0.167617,0.157548,0.165576,0.165576,204855134
2022-12-01,0.165573,0.165997,0.159432,0.160228,0.160228,135234737
2022-12-02,0.160231,0.172120,0.155514,0.169900,0.169900,298966835
2022-12-03,0.169929,0.170157,0.164037,0.164645,0.164645,149148794
2022-12-04,0.164640,0.169251,0.164640,0.166415,0.166415,102386894
2022-12-05,0.166393,0.169945,0.159374,0.162262,0.162262,189153587
2022-12-06,0.162212,0.162629,0.158758,0.160314,0.160314,110453365
2022-12-07,0.160323,0.161454,0.149889,0.151860,0.151860,133865363
2022-12-08,0.151862,0.154339,0.148297,0.153104,0.153104,119224993
2022-12-09,0.153127,0.153913,0.148883,0.150142,0.150142,86970406
2022-12-10,0.150146,0.151543,0.148507,0.148854,0.148854,73029197
2022-12-11,0.148848,0.150878,0.142590,0.143722,0.143722,99922981
2022-12-12,0.143716,0.143716,0.134734,0.138062,0.138062,142862567
2022-12-13,0.138063,0.142918,0.132296,0.140376,0.140376,145523661
2022-12-14,0.140394,0.141742,0.134722,0.136326,0.136326,129516542
2022-12-15,0.136320,0.146664,0.132510,0.142184,0.142184,249992549
2022-12-16,0.142186,0.144802,0.119494,0.121057,0.121057,218522395
2022-12-17,0.121058,0.121795,0.112876,0.120107,0.120107,154325452
2022-12-18,0.120107,0.126438,0.116193,0.117981,0.117981,176341887
2022-12-19,0.117993,0.119699,0.104910,0.106460,0.106460,105999223
2022-12-20,0.106469,0.115218,0.106469,0.113154,0.113154,91711409
2022-12-21,0.113157,0.113157,0.108704,0.111032,0.111032,66545214
2022-12-22,0.111031,0.112393,0.107545,0.111313,0.111313,59711061
2022-12-23,0.111319,0.112407,0.110263,0.111677,0.111677,47201367
2022-12-24,0.111678,0.112305,0.111143,0.111693,0.111693,28200035
2022-12-25,0.111688,0.112115,0.109714,0.110617,0.110617,36301961
2022-12-26,0.110615,0.111523,0.108636,0.110413,0.110413,43779307
2022-12-27,0.110392,0.110680,0.105793,0.107318,0.107318,50424102
2022-12-28,0.107319,0.107509,0.102314,0.102314,0.102314,70430469
2022-12-29,0.102317,0.104507,0.100190,0.102061,0.102061,76802719
2022-12-30,0.102055,0.102333,0.097724,0.100078,0.100078,60688498
2022-12-31,0.100083,0.101969,0.099612,0.100226,0.100226,36834059
2023-01-01,0.100230,0.101358,0.099664,0.101065,0.101065,30846644
2023-01-02,0.101066,0.103363,0.098933,0.101890,0.101890,59691201
2023-01-03,0.101886,0.103096,0.100339,0.102697,0.102697,64006964
2023-01-04,0.102703,0.106235,0.101848,0.104474,0.104474,85184737
2023-01-05,0.104471,0.117555,0.104440,0.111890,0.111890,229121494
2023-01-06,0.111899,0.112083,0.105510,0.109809,0.109809,84925666
2023-01-07,0.109807,0.110429,0.107761,0.108720,0.108720,38104343
2023-01-08,0.108713,0.111968,0.107425,0.111951,0.111951,62818772
2023-01-09,0.111947,0.117403,0.111079,0.114768,0.114768,138064570
2023-01-10,0.114673,0.124855,0.114130,0.120154,0.120154,209858540
2023-01-11,0.120141,0.121052,0.115148,0.120853,0.120853,91066463
2023-01-12,0.123290,0.128824,0.120379,0.128009,0.128009,194831336
2023-01-13,0.127934,0.131965,0.124989,0.131741,0.131741,130177981
2023-01-14,0.131745,0.142083,0.131745,0.138164,0.138164,237084690
2023-01-15,0.138176,0.140253,0.132554,0.140253,0.140253,138867690
2023-01-16,0.140259,0.143006,0.132395,0.135623,0.135623,134451605
2023-01-17,0.135642,0.137789,0.133289,0.135257,0.135257,84491080
2023-01-18,0.135248,0.138994,0.122832,0.123444,0.123444,154832013
2023-01-19,0.123443,0.128784,0.123197,0.127755,0.127755,76033145
2023-01-20,0.127751,0.137208,0.126177,0.137183,0.137183,101058876
2023-01-21,0.137187,0.138604,0.134245,0.134309,0.134309,126737602
2023-01-22,0.134315,0.140572,0.132732,0.135856,0.135856,111622023
2023-01-23,0.135865,0.142437,0.135727,0.140364,0.140364,152777464
2023-01-24,0.140342,0.153371,0.132465,0.133611,0.133611,303940209
2023-01-25,0.133612,0.140620,0.128844,0.137221,0.137221,167646169
2023-01-26,0.137203,0.139857,0.134927,0.137026,0.137026,111013547
2023-01-27,0.137020,0.139001,0.132732,0.138456,0.138456,103268217
2023-01-28,0.138482,0.141888,0.135463,0.137081,0.137081,92648988
2023-01-29,0.137073,0.142486,0.136017,0.142486,0.142486,85342952
2023-01-30,0.142534,0.146321,0.129900,0.131060,0.131060,151137329
2023-01-31,0.131068,0.134259,0.130251,0.132949,0.132949,85557587
2023-02-01,0.132920,0.139132,0.128670,0.138830,0.138830,110967255
2023-02-02,0.138814,0.149767,0.138424,0.139686,0.139686,234828331
2023-02-03,0.139664,0.146001,0.139528,0.145342,0.145342,114814994
2023-02-04,0.145340,0.149021,0.142969,0.144989,0.144989,117862553
2023-02-05,0.145007,0.146787,0.137376,0.139750,0.139750,112794051
2023-02-06,0.139752,0.141577,0.136465,0.137198,0.137198,75360503
2023-02-07,0.137192,0.169141,0.137059,0.161525,0.161525,541047753
2023-02-08,0.161514,0.177893,0.153724,0.157663,0.157663,538870985
2023-02-09,0.157695,0.157846,0.134815,0.137876,0.137876,255082304
2023-02-10,0.137908,0.140256,0.133710,0.135696,0.135696,151633733
2023-02-11,0.135709,0.138764,0.134670,0.138058,0.138058,72374638
2023-02-12,0.138056,0.139394,0.131930,0.132671,0.132671,94038767
2023-02-13,0.132674,0.133668,0.125390,0.129508,0.129508,122361189
2023-02-14,0.129502,0.134760,0.126946,0.134444,0.134444,106791426
2023-02-15,0.134443,0.142887,0.131901,0.142774,0.142774,120352219
2023-02-16,0.142773,0.144295,0.133186,0.133558,0.133558,149916246
2023-02-17,0.133561,0.141898,0.133128,0.140439,0.140439,90274065
2023-02-18,0.140439,0.142203,0.139094,0.140364,0.140364,64745161
2023-02-19,0.140357,0.143765,0.138279,0.141605,0.141605,99641700
2023-02-20,0.141630,0.147036,0.137725,0.145495,0.145495,127952883
2023-02-21,0.145503,0.146879,0.138671,0.141218,0.141218,126984273
2023-02-22,0.141213,0.141501,0.134682,0.138331,0.138331,95334534
2023-02-23,0.138368,0.141113,0.136411,0.138243,0.138243,67853694
2023-02-24,0.138240,0.143348,0.132700,0.134820,0.134820,129283155
2023-02-25,0.134839,0.135470,0.130558,0.133895,0.133895,70444488
2023-02-26,0.133893,0.136376,0.133219,0.135818,0.135818,38688160
2023-02-27,0.135823,0.136308,0.131946,0.134011,0.134011,49036321
2023-02-28,0.134003,0.135320,0.130312,0.131011,0.131011,49890606
2023-03-01,0.131011,0.144605,0.130574,0.136422,0.136422,158614625
2023-03-02,0.136425,0.137706,0.132486,0.134132,0.134132,69086554
2023-03-03,0.134140,0.134184,0.121119,0.126919,0.126919,84224255
2023-03-04,0.126915,0.127281,0.119771,0.122357,0.122357,41717779
2023-03-05,0.122358,0.124447,0.121684,0.121938,0.121938,34568421
2023-03-06,0.121935,0.124175,0.119494,0.123134,0.123134,46116211
2023-03-07,0.123130,0.123966,0.118936,0.120911,0.120911,51091303
2023-03-08,0.120911,0.121288,0.111207,0.111907,0.111907,66948870
2023-03-09,0.111915,0.114971,0.103691,0.105552,0.105552,71047037
2023-03-10,0.105554,0.110608,0.100697,0.110107,0.110107,80320042
2023-03-11,0.110106,0.111549,0.105801,0.109881,0.109881,59463868
2023-03-12,0.109876,0.115239,0.107850,0.115239,0.115239,51424742
2023-03-13,0.115245,0.120260,0.112020,0.118577,0.118577,97690061
2023-03-14,0.118578,0.125741,0.116547,0.122525,0.122525,109770273
2023-03-15,0.122528,0.123908,0.112319,0.114175,0.114175,83429054
2023-03-16,0.114189,0.118289,0.113104,0.116954,0.116954,55251803
2023-03-17,0.116949,0.124090,0.116037,0.123955,0.123955,64890829
2023-03-18,0.123944,0.126317,0.118197,0.118811,0.118811,87126976
2023-03-19,0.118805,0.123424,0.118805,0.121204,0.121204,57532740
2023-03-20,0.121228,0.123464,0.117055,0.117787,0.117787,74663935
2023-03-21,0.117819,0.123025,0.115893,0.121990,0.121990,62295848
2023-03-22,0.121989,0.124126,0.116090,0.118499,0.118499,90540481
2023-03-23,0.118492,0.123796,0.118186,0.122091,0.122091,51518000
2023-03-24,0.122097,0.122400,0.117181,0.118304,0.118304,45362335
2023-03-25,0.118298,0.120576,0.117073,0.118560,0.118560,40758613
2023-03-26,0.118561,0.120951,0.118491,0.120446,0.120446,31453310
2023-03-27,0.120447,0.120510,0.111873,0.113283,0.113283,52882230
2023-03-28,0.113281,0.116242,0.111951,0.115202,0.115202,47950897
2023-03-29,0.115197,0.119616,0.114661,0.118882,0.118882,57554090
2023-03-30,0.118872,0.120369,0.115180,0.116588,0.116588,78038360
2023-03-31,0.116592,0.120899,0.115620,0.120248,0.120248,59174711
2023-04-01,0.120244,0.123029,0.119168,0.121754,0.121754,47435629
2023-04-02,0.121916,0.122645,0.117199,0.118333,0.118333,46451305
2023-04-03,0.118332,0.122460,0.115913,0.121950,0.121950,74227618
2023-04-04,0.121952,0.127099,0.121889,0.124296,0.124296,103739480
2023-04-05,0.124297,0.132228,0.123913,0.129213,0.129213,118500039
2023-04-06,0.129218,0.132079,0.124560,0.129188,0.129188,108684780
2023-04-07,0.129202,0.130840,0.124658,0.130471,0.130471,84045571
2023-04-08,0.130504,0.141028,0.129675,0.132638,0.132638,325410160
2023-04-09,0.132655,0.136379,0.129280,0.131104,0.131104,124535272
2023-04-10,0.131103,0.133798,0.127585,0.133160,0.133160,84796145
2023-04-11,0.133191,0.136557,0.130888,0.131082,0.131082,111435750
2023-04-12,0.131079,0.131408,0.125961,0.128495,0.128495,60793449
2023-04-13,0.127891,0.131970,0.127403,0.131641,0.131641,50804381
2023-04-14,0.131646,0.134902,0.130189,0.134127,0.134127,79577876
2023-04-15,0.134127,0.134127,0.131669,0.133416,0.133416,42817964
2023-04-16,0.133414,0.138532,0.132254,0.138526,0.138526,65855309
2023-04-17,0.138520,0.139131,0.134270,0.135578,0.135578,92434238
2023-04-18,0.135591,0.138750,0.135045,0.138080,0.138080,60344159
2023-04-19,0.138078,0.142241,0.129206,0.130492,0.130492,197465147
2023-04-20,0.130480,0.132859,0.126962,0.127904,0.127904,78920928
2023-04-21,0.127901,0.128639,0.118308,0.119586,0.119586,76040460
2023-04-22,0.119585,0.122693,0.118812,0.122311,0.122311,39838014
2023-04-23,0.122311,0.122789,0.117546,0.119849,0.119849,42508448
2023-04-24,0.119846,0.124874,0.118376,0.123342,0.123342,59062144
2023-04-25,0.123319,0.128629,0.123055,0.128527,0.128527,104798421
2023-04-26,0.128523,0.131165,0.120737,0.127358,0.127358,84502873
2023-04-27,0.127349,0.129612,0.126268,0.128395,0.128395,48123891
2023-04-28,0.128393,0.130323,0.126415,0.127621,0.127621,44727532
2023-04-29,0.127623,0.128422,0.126773,0.127371,0.127371,23732878
2023-04-30,0.127373,0.128595,0.125843,0.126611,0.126611,37531462
2023-05-01,0.126577,0.129251,0.123213,0.127700,0.127700,76797492
2023-05-02,0.127691,0.128143,0.124392,0.126877,0.126877,40465724
2023-05-03,0.126874,0.130692,0.124143,0.130002,0.130002,60731128
2023-05-04,0.129990,0.130947,0.127175,0.129379,0.129379,40814591
2023-05-05,0.129380,0.131479,0.126973,0.130631,0.130631,42130278
2023-05-06,null,null,null,null,null,null
2023-05-07,0.125074,0.125608,0.124356,0.125007,0.125007,31294818
