Coin;Date;Open;High;Low;Close;Adj Close;Volume
CIX100;04.07.2019;0.812246;0.862014;0.70507;0.754013;0.754013;480763
CIX100;05.07.2019;0.753972;0.884353;0.712899;0.870826;0.870826;443053
CIX100;06.07.2019;0.870635;0.915997;0.866726;0.884529;0.884529;428219
CIX100;07.07.2019;0.886881;0.912567;0.87957;0.906153;0.906153;385827
CIX100;08.07.2019;0.906019;0.974374;0.894818;0.950828;0.950828;282725
CIX100;09.07.2019;0.95079;0.984595;0.946848;0.959539;0.959539;199073
CIX100;10.07.2019;0.964134;1.004854;0.888271;0.917813;0.917813;166300
CIX100;11.07.2019;0.917601;0.919756;0.831737;0.858759;0.858759;181005
CIX100;12.07.2019;0.859027;0.897846;0.844017;0.894016;0.894016;218105
CIX100;13.07.2019;0.895445;0.898107;0.823798;0.851527;0.851527;166336
CIX100;14.07.2019;0.848933;0.859806;0.775123;0.777195;0.777195;144162
CIX100;15.07.2019;0.778691;0.823691;0.744154;0.820163;0.820163;205986
CIX100;16.07.2019;0.817161;0.824397;0.700672;0.707017;0.707017;133600
CIX100;17.07.2019;0.707389;0.748583;0.67429;0.737197;0.737197;143556
CIX100;18.07.2019;0.737066;0.805703;0.708931;0.802482;0.802482;193466
CIX100;19.07.2019;0.802482;0.804962;0.76445;0.781628;0.781628;493534
CIX100;20.07.2019;0.786442;0.836694;0.782467;0.819716;0.819716;373003
CIX100;21.07.2019;0.819716;0.820682;0.780924;0.796844;0.796844;223272
CIX100;22.07.2019;0.796855;0.801557;0.760408;0.776064;0.776064;281560
CIX100;23.07.2019;0.776119;0.777928;0.743393;0.747829;0.747829;215263
CIX100;24.07.2019;0.747829;0.748205;0.72418;0.74307;0.74307;354174
CIX100;25.07.2019;0.742257;0.771707;0.739743;0.756078;0.756078;239504
CIX100;26.07.2019;0.754058;0.758449;0.734702;0.747698;0.747698;168147
CIX100;27.07.2019;0.747698;0.78053;0.70823;0.716434;0.716434;252281
CIX100;28.07.2019;0.716434;0.725203;0.684691;0.721314;0.721314;188447
CIX100;29.07.2019;0.720468;0.731469;0.710004;0.714967;0.714967;188389
CIX100;30.07.2019;0.714806;0.732204;0.711945;0.718677;0.718677;228136
CIX100;31.07.2019;0.721455;0.759483;0.718567;0.757685;0.757685;189303
CIX100;01.08.2019;0.757607;0.782401;0.744028;0.778469;0.778469;206196
CIX100;02.08.2019;0.778395;0.796248;0.773747;0.77975;0.77975;258602
CIX100;03.08.2019;0.779966;0.814205;0.779262;0.806827;0.806827;209459
CIX100;04.08.2019;0.807147;0.816089;0.784872;0.81169;0.81169;245596
CIX100;05.08.2019;0.811218;0.877328;0.810799;0.866217;0.866217;237894
CIX100;06.08.2019;0.867183;0.902608;0.824051;0.837559;0.837559;180743
CIX100;07.08.2019;0.837783;0.878964;0.836189;0.862796;0.862796;163821
CIX100;08.08.2019;0.862796;0.863879;0.828884;0.85871;0.85871;140326
CIX100;09.08.2019;0.859166;0.859668;0.839972;0.841567;0.841567;143133
CIX100;10.08.2019;0.841567;0.852047;0.811028;0.813972;0.813972;128129
CIX100;11.08.2019;0.814287;0.82987;0.810313;0.828324;0.828324;101796
CIX100;12.08.2019;0.827932;0.830105;0.820245;0.822273;0.822273;95986
CIX100;13.08.2019;0.822679;0.824116;0.79013;0.795033;0.795033;90813
CIX100;14.08.2019;0.795085;0.79664;0.757042;0.757323;0.757323;80315
CIX100;15.08.2019;0.757323;0.770633;0.730691;0.749869;0.749869;98114
CIX100;16.08.2019;0.750087;0.756072;0.714485;0.75083;0.75083;95979
CIX100;17.08.2019;0.750805;0.753093;0.726569;0.733403;0.733403;74473
CIX100;18.08.2019;0.732951;0.760475;0.729619;0.756983;0.756983;76649
CIX100;19.08.2019;0.756832;0.781331;0.754106;0.779638;0.779638;95235
CIX100;20.08.2019;0.779638;0.782251;0.768506;0.774451;0.774451;94410
CIX100;21.08.2019;0.773932;0.776829;0.713021;0.722107;0.722107;72888
CIX100;22.08.2019;0.721975;0.742013;0.711297;0.741219;0.741219;63780
CIX100;23.08.2019;0.741219;0.752254;0.734927;0.75195;0.75195;69051
CIX100;24.08.2019;0.7517;0.753626;0.725105;0.733377;0.733377;79932
CIX100;25.08.2019;0.733377;0.748396;0.730595;0.738002;0.738002;79479
CIX100;26.08.2019;0.73647;0.759555;0.732145;0.745402;0.745402;103433
CIX100;27.08.2019;0.745584;0.74566;0.723332;0.736386;0.736386;72802
CIX100;28.08.2019;0.735243;0.741555;0.692918;0.694607;0.694607;87695
CIX100;29.08.2019;0.694566;0.697703;0.674415;0.6832;0.6832;82350
CIX100;30.08.2019;0.6832;0.690831;0.674797;0.689469;0.689469;83030
CIX100;31.08.2019;0.689352;0.693291;0.685475;0.691151;0.691151;66347
CIX100;01.09.2019;0.691205;0.699396;0.685724;0.698278;0.698278;69027
CIX100;02.09.2019;0.698152;0.739866;0.694283;0.737751;0.737751;82678
CIX100;03.09.2019;0.738044;0.76418;0.734441;0.759329;0.759329;73771
CIX100;04.09.2019;0.759997;0.761249;0.744531;0.754959;0.754959;72029
CIX100;05.09.2019;0.754959;0.756424;0.747073;0.748612;0.748612;73959
CIX100;06.09.2019;0.748612;0.758675;0.742401;0.745904;0.745904;79304
CIX100;07.09.2019;0.745966;0.750965;0.743207;0.748348;0.748348;78219
CIX100;08.09.2019;0.74888;0.760978;0.741205;0.746035;0.746035;67808
CIX100;09.09.2019;0.746035;0.7559;0.737675;0.742987;0.742987;82943
CIX100;10.09.2019;0.742715;0.743652;0.72139;0.724624;0.724624;78087
CIX100;11.09.2019;0.72517;0.728977;0.714492;0.717232;0.717232;61778
CIX100;12.09.2019;0.717232;0.720358;0.714646;0.716347;0.716347;63154
CIX100;13.09.2019;0.716664;0.720735;0.713616;0.714317;0.714317;65162
CIX100;14.09.2019;0.714856;0.718617;0.71341;0.715866;0.715866;71297
CIX100;15.09.2019;0.716015;0.72203;0.71447;0.718139;0.718139;76947
CIX100;16.09.2019;0.718172;0.724335;0.716285;0.718404;0.718404;76119
CIX100;17.09.2019;0.718694;0.725478;0.711142;0.725478;0.725478;77583
CIX100;18.09.2019;0.726003;0.757984;0.723715;0.753726;0.753726;91163
CIX100;19.09.2019;0.753503;0.755128;0.716382;0.752141;0.752141;102457
CIX100;20.09.2019;0.752621;0.753483;0.736341;0.744108;0.744108;79494
CIX100;21.09.2019;0.744204;0.751422;0.730323;0.731719;0.731719;81971
CIX100;22.09.2019;0.732299;0.739484;0.725501;0.739125;0.739125;78262
CIX100;23.09.2019;0.739329;0.739796;0.725169;0.729167;0.729167;69301
CIX100;24.09.2019;0.729235;0.732137;0.60178;0.619223;0.619223;52831
CIX100;25.09.2019;0.619702;0.63102;0.598626;0.615267;0.615267;56259
CIX100;26.09.2019;0.61494;0.616747;0.568805;0.58936;0.58936;61696
CIX100;27.09.2019;0.588799;0.605462;0.578447;0.603406;0.603406;66217
CIX100;28.09.2019;0.603191;0.604239;0.592563;0.602531;0.602531;64313
CIX100;29.09.2019;0.602704;0.604215;0.582924;0.590918;0.590918;64835
CIX100;30.09.2019;0.590918;0.610563;0.5719;0.60967;0.60967;65701
CIX100;01.10.2019;0.609758;0.619837;0.605808;0.612396;0.612396;73587
CIX100;02.10.2019;0.612396;0.614096;0.601622;0.609669;0.609669;72522
CIX100;03.10.2019;0.609669;0.615177;0.595856;0.605523;0.605523;80279
CIX100;04.10.2019;0.605522;0.605802;0.594104;0.601826;0.601826;77133
CIX100;05.10.2019;0.601826;0.602426;0.592006;0.597975;0.597975;70957
CIX100;06.10.2019;0.597962;0.601003;0.584078;0.586121;0.586121;71491
CIX100;07.10.2019;0.585787;0.618711;0.581613;0.612165;0.612165;77183
CIX100;08.10.2019;0.612185;0.621413;0.599641;0.605046;0.605046;82279
CIX100;09.10.2019;0.605046;0.646357;0.599648;0.635863;0.635863;77360
CIX100;10.10.2019;0.635436;0.640085;0.629684;0.637853;0.637853;69272
CIX100;11.10.2019;0.637339;0.647033;0.611153;0.611153;0.611153;75529
CIX100;12.10.2019;0.611438;0.628753;0.608155;0.609792;0.609792;75439
CIX100;13.10.2019;0.61001;0.625871;0.607534;0.614989;0.614989;76843
CIX100;14.10.2019;0.614989;0.622749;0.611366;0.620126;0.620126;65983
CIX100;15.10.2019;0.620119;0.624339;0.613843;0.620798;0.620798;70114
CIX100;16.10.2019;0.620798;0.623749;0.596716;0.615532;0.615532;82277
CIX100;17.10.2019;0.615523;0.625528;0.593995;0.604536;0.604536;78776
CIX100;18.10.2019;0.604527;0.606832;0.585532;0.594397;0.594397;85860
CIX100;19.10.2019;0.594692;0.602137;0.590525;0.593221;0.593221;76621
CIX100;20.10.2019;0.593034;0.619702;0.589179;0.610039;0.610039;86207
CIX100;21.10.2019;0.609903;0.61897;0.607155;0.612156;0.612156;78264
CIX100;22.10.2019;0.613093;0.616795;0.599581;0.59996;0.59996;91723
CIX100;23.10.2019;0.599801;0.601651;0.547419;0.558155;0.558155;80360
CIX100;24.10.2019;0.558109;0.567023;0.550475;0.559605;0.559605;72883
CIX100;25.10.2019;0.559605;0.645081;0.55762;0.641888;0.641888;97314
CIX100;26.10.2019;0.642706;0.739329;0.642514;0.674239;0.674239;103003
CIX100;27.10.2019;0.674239;0.713633;0.664276;0.699199;0.699199;84803
CIX100;28.10.2019;0.697658;0.715956;0.677646;0.678857;0.678857;80186
CIX100;29.10.2019;0.678857;0.698428;0.676199;0.694975;0.694975;70110
CIX100;30.10.2019;0.695472;0.695977;0.665769;0.677506;0.677506;72969
CIX100;31.10.2019;0.677533;0.699386;0.672013;0.676205;0.676205;79091
CIX100;01.11.2019;0.676358;0.67657;0.669519;0.671675;0.671675;87679
CIX100;02.11.2019;0.671675;0.676443;0.666991;0.673253;0.673253;82006
CIX100;03.11.2019;0.673091;0.679112;0.67022;0.672192;0.672192;72893
CIX100;04.11.2019;0.672152;0.702029;0.671043;0.694177;0.694177;75145
CIX100;05.11.2019;0.694177;0.699828;0.681813;0.691102;0.691102;82506
CIX100;06.11.2019;0.691425;0.699407;0.689229;0.694278;0.694278;80823
CIX100;07.11.2019;0.694767;0.696064;0.677002;0.682853;0.682853;81238
CIX100;08.11.2019;0.682703;0.683967;0.645433;0.651274;0.651274;90873
CIX100;09.11.2019;0.651046;0.658991;0.649466;0.654354;0.654354;84369
CIX100;10.11.2019;0.654232;0.67579;0.653346;0.673167;0.673167;82275
CIX100;11.11.2019;0.673167;0.674599;0.644951;0.649011;0.649011;84251
CIX100;12.11.2019;0.649316;0.658681;0.643681;0.654041;0.654041;73466
CIX100;13.11.2019;0.654077;0.65754;0.65034;0.654704;0.654704;73395
CIX100;14.11.2019;0.653966;0.655907;0.64437;0.645946;0.645946;71812
CIX100;15.11.2019;0.646123;0.648695;0.628059;0.629668;0.629668;87931
CIX100;16.11.2019;0.63005;0.638933;0.628832;0.635756;0.635756;74864
CIX100;17.11.2019;0.635756;0.6507;0.631743;0.640064;0.640064;75004
CIX100;18.11.2019;0.639707;0.64386;0.61035;0.614635;0.614635;75479
CIX100;19.11.2019;0.615036;0.623113;0.597704;0.608096;0.608096;83648
CIX100;20.11.2019;0.608096;0.611516;0.600891;0.602259;0.602259;71313
CIX100;21.11.2019;0.60214;0.605294;0.559029;0.564568;0.564568;84483
CIX100;22.11.2019;0.564568;0.569068;0.50936;0.539054;0.539054;90183
CIX100;23.11.2019;0.538472;0.55314;0.526615;0.549044;0.549044;69563
CIX100;24.11.2019;0.549182;0.550005;0.515781;0.51851;0.51851;73054
CIX100;25.11.2019;0.517309;0.541479;0.487851;0.526944;0.526944;93828
CIX100;26.11.2019;0.527;0.540508;0.521907;0.534576;0.534576;72246
CIX100;27.11.2019;0.534;0.562472;0.513487;0.554606;0.554606;70898
CIX100;28.11.2019;0.555544;0.580205;0.546708;0.54779;0.54779;89533
CIX100;29.11.2019;0.548024;0.573585;0.547526;0.570849;0.570849;89312
CIX100;30.11.2019;0.570849;0.576825;0.550702;0.556031;0.556031;68122
CIX100;01.12.2019;0.555576;0.556226;0.533887;0.547477;0.547477;61850
CIX100;02.12.2019;0.547024;0.551296;0.53079;0.537849;0.537849;60678
CIX100;03.12.2019;0.5382;0.546194;0.528924;0.537219;0.537219;69965
CIX100;04.12.2019;0.536812;0.557475;0.52578;0.532277;0.532277;74790
CIX100;05.12.2019;0.532277;0.575152;0.529656;0.546011;0.546011;65393
CIX100;06.12.2019;0.545838;0.553478;0.540376;0.552903;0.552903;64941
CIX100;07.12.2019;0.55278;0.558314;0.550891;0.55172;0.55172;64731
CIX100;08.12.2019;0.55172;0.560271;0.546003;0.554295;0.554295;66836
CIX100;09.12.2019;0.554707;0.557243;0.537615;0.539899;0.539899;72526
CIX100;10.12.2019;0.540049;0.541151;0.528434;0.532105;0.532105;76993
CIX100;11.12.2019;0.53194;0.535973;0.524309;0.527048;0.527048;74661
CIX100;12.12.2019;0.526799;0.531414;0.522108;0.5292;0.5292;78347
CIX100;13.12.2019;0.528965;0.533344;0.527101;0.531159;0.531159;87672
CIX100;14.12.2019;0.531168;0.53343;0.51869;0.521;0.521;83715
CIX100;15.12.2019;0.521;0.525351;0.493079;0.523647;0.523647;74768
CIX100;16.12.2019;0.523647;0.525233;0.49989;0.502275;0.502275;70629
CIX100;17.12.2019;0.502275;0.504869;0.472745;0.475618;0.475618;67383
CIX100;18.12.2019;0.475618;0.526858;0.469098;0.523799;0.523799;89062
CIX100;19.12.2019;0.523799;0.529398;0.503264;0.516166;0.516166;86539
CIX100;20.12.2019;0.516166;0.521873;0.502524;0.517959;0.517959;83055
CIX100;21.12.2019;0.517959;0.517971;0.506398;0.514597;0.514597;74139
CIX100;22.12.2019;0.514318;0.538944;0.513732;0.538591;0.538591;82203
CIX100;23.12.2019;0.538107;0.546731;0.521451;0.52339;0.52339;75543
CIX100;24.12.2019;0.52362;0.538215;0.517201;0.522341;0.522341;78997
CIX100;25.12.2019;0.522341;0.52355;0.512231;0.517512;0.517512;77588
CIX100;26.12.2019;0.51772;0.529604;0.512021;0.515926;0.515926;92296
CIX100;27.12.2019;0.515889;0.525766;0.51177;0.521062;0.521062;88559
CIX100;28.12.2019;0.520743;0.531309;0.520651;0.522918;0.522918;80056
CIX100;29.12.2019;0.523019;0.541359;0.522031;0.534066;0.534066;82256
CIX100;30.12.2019;0.533872;0.537024;0.520974;0.523004;0.523004;80417
CIX100;31.12.2019;0.523085;0.528496;0.512172;0.51489;0.51489;67083
CIX100;01.01.2020;0.51489;0.521874;0.512958;0.516763;0.516763;67580
CIX100;02.01.2020;0.516704;0.518731;0.495382;0.498152;0.498152;122434
CIX100;03.01.2020;0.50059;0.534613;0.495414;0.528791;0.528791;146430
CIX100;04.01.2020;0.528748;0.535446;0.52524;0.53411;0.53411;117556
CIX100;05.01.2020;0.533837;0.5455;0.526598;0.534263;0.534263;87503
CIX100;06.01.2020;0.533964;0.566565;0.533964;0.565669;0.565669;93913
CIX100;07.01.2020;0.565669;0.587055;0.561575;0.585439;0.585439;71748
CIX100;08.01.2020;0.585439;0.600044;0.567222;0.576564;0.576564;68568
CIX100;09.01.2020;0.576467;0.576467;0.559812;0.564517;0.564517;71334
CIX100;10.01.2020;0.563824;0.588981;0.551627;0.588838;0.588838;82457
CIX100;11.01.2020;0.588838;0.595625;0.578331;0.579952;0.579952;91281
CIX100;12.01.2020;0.579771;0.593178;0.57759;0.592354;0.592354;104822
CIX100;13.01.2020;0.593398;0.594458;0.582694;0.589233;0.589233;104539
CIX100;14.01.2020;0.589409;0.666454;0.588311;0.660787;0.660787;107588
CIX100;15.01.2020;0.659931;0.665603;0.63923;0.655925;0.655925;91082
CIX100;16.01.2020;0.656075;0.660353;0.633821;0.648512;0.648512;78541
CIX100;17.01.2020;0.648677;0.673818;0.644235;0.667768;0.667768;77348
CIX100;18.01.2020;0.666732;0.673981;0.654191;0.664927;0.664927;88802
CIX100;19.01.2020;0.664927;0.68065;0.636003;0.646861;0.646861;96590
CIX100;20.01.2020;0.646861;0.656248;0.633584;0.646084;0.646084;83111
CIX100;21.01.2020;0.645701;0.656044;0.637081;0.65541;0.65541;83929
CIX100;22.01.2020;0.654583;0.65875;0.644414;0.649828;0.649828;102971
CIX100;23.01.2020;0.649762;0.650359;0.617114;0.624137;0.624137;89265
CIX100;24.01.2020;0.624137;0.634523;0.609956;0.628653;0.628653;90165
CIX100;25.01.2020;0.629102;0.629145;0.612391;0.621889;0.621889;77187
CIX100;26.01.2020;0.620835;0.643231;0.615199;0.641962;0.641962;68609
CIX100;27.01.2020;0.642192;0.674309;0.642192;0.665433;0.665433;74285
CIX100;28.01.2020;0.665194;0.698237;0.66458;0.696919;0.696919;87621
CIX100;29.01.2020;0.698464;0.70311;0.689566;0.692601;0.692601;70706
CIX100;30.01.2020;0.692628;0.718225;0.684845;0.7134;0.7134;87046
CIX100;31.01.2020;0.713648;0.713929;0.685754;0.697333;0.697333;84513
CIX100;01.02.2020;0.697877;0.708696;0.695922;0.706366;0.706366;92997
CIX100;02.02.2020;0.70609;0.722395;0.686194;0.713541;0.713541;97707
CIX100;03.02.2020;0.713541;0.720663;0.700291;0.703083;0.703083;108541
CIX100;04.02.2020;0.702929;0.71601;0.692377;0.698937;0.698937;73724
CIX100;05.02.2020;0.698668;0.747026;0.697875;0.739531;0.739531;161615
CIX100;06.02.2020;0.739531;0.760737;0.716593;0.745771;0.745771;172019
CIX100;07.02.2020;0.745547;0.755433;0.742106;0.753556;0.753556;99757
CIX100;08.02.2020;0.751708;0.767535;0.737208;0.765712;0.765712;140547
CIX100;09.02.2020;0.764966;0.790834;0.761337;0.789293;0.789293;215178
CIX100;10.02.2020;0.789571;0.792684;0.757949;0.772172;0.772172;80633
CIX100;11.02.2020;0.772602;0.806954;0.757813;0.806671;0.806671;77360
CIX100;12.02.2020;0.806742;0.84246;0.805412;0.840077;0.840077;79739
CIX100;13.02.2020;0.840077;0.856614;0.817684;0.833119;0.833119;69262
CIX100;14.02.2020;0.833354;0.859301;0.821516;0.859301;0.859301;42281
CIX100;15.02.2020;0.859301;0.864496;0.79398;0.799565;0.799565;74609
CIX100;16.02.2020;0.799501;0.820251;0.743526;0.789789;0.789789;65452
CIX100;17.02.2020;0.789278;0.789278;0.740883;0.778766;0.778766;59868
CIX100;18.02.2020;0.778505;0.82043;0.766354;0.815795;0.815795;86233
CIX100;19.02.2020;0.816105;0.829472;0.756787;0.760376;0.760376;118088
CIX100;20.02.2020;0.760873;0.76654;0.740994;0.757461;0.757461;75340
CIX100;21.02.2020;0.758122;0.774766;0.753371;0.769403;0.769403;75269
CIX100;22.02.2020;0.768278;0.77085;0.755967;0.764008;0.764008;86874
CIX100;23.02.2020;0.764008;0.794172;0.76358;0.79357;0.79357;91943
CIX100;24.02.2020;0.793416;0.79768;0.742237;0.753261;0.753261;77013
CIX100;25.02.2020;0.753381;0.760033;0.720112;0.725238;0.725238;63122
CIX100;26.02.2020;0.723905;0.727858;0.683218;0.688691;0.688691;76381
CIX100;27.02.2020;0.689589;0.692206;0.666619;0.672463;0.672463;75525
CIX100;28.02.2020;0.672968;0.683632;0.624559;0.663466;0.663466;66335
CIX100;29.02.2020;0.661049;0.688967;0.655295;0.667697;0.667697;80567
CIX100;01.03.2020;0.667916;0.668468;0.645806;0.652618;0.652618;84514
CIX100;02.03.2020;0.651966;0.686758;0.635275;0.682335;0.682335;79225
CIX100;03.03.2020;0.681864;0.686546;0.665916;0.673236;0.673236;80010
CIX100;04.03.2020;0.672919;0.679457;0.659611;0.672764;0.672764;79375
CIX100;05.03.2020;0.673119;0.701668;0.668597;0.693279;0.693279;77730
CIX100;06.03.2020;0.693124;0.702964;0.684781;0.700093;0.700093;72917
CIX100;07.03.2020;0.699486;0.708528;0.668372;0.698681;0.698681;65251
CIX100;08.03.2020;0.698681;0.71418;0.690531;0.707821;0.707821;60679
CIX100;09.03.2020;0.704724;0.706458;0.568484;0.601599;0.601599;43277
CIX100;10.03.2020;0.604344;0.626353;0.589547;0.603508;0.603508;47421
CIX100;11.03.2020;0.603624;0.609213;0.576508;0.601051;0.601051;69535
CIX100;12.03.2020;0.601311;0.602132;0.36825;0.37026;0.37026;83263
CIX100;13.03.2020;0.369826;0.444107;0.294198;0.420234;0.420234;88225
CIX100;14.03.2020;0.421871;0.429883;0.396342;0.402499;0.402499;51595
CIX100;15.03.2020;0.402499;0.455192;0.400089;0.413659;0.413659;60252
CIX100;16.03.2020;0.41288;0.415079;0.34334;0.375259;0.375259;54143
CIX100;17.03.2020;0.374653;0.411371;0.374653;0.398351;0.398351;67119
CIX100;18.03.2020;0.396386;0.413107;0.377852;0.387538;0.387538;74334
CIX100;19.03.2020;0.387538;0.476584;0.387203;0.459204;0.459204;89754
CIX100;20.03.2020;0.459169;0.509186;0.423398;0.45351;0.45351;85464
CIX100;21.03.2020;0.45351;0.464293;0.445273;0.451316;0.451316;86494
CIX100;22.03.2020;0.450917;0.458162;0.442998;0.449788;0.449788;86328
CIX100;23.03.2020;0.449788;0.472017;0.422999;0.472017;0.472017;83930
CIX100;24.03.2020;0.471731;0.502385;0.466971;0.490894;0.490894;64952
CIX100;25.03.2020;0.491096;0.507494;0.469112;0.482833;0.482833;68487
CIX100;26.03.2020;0.482833;0.492375;0.477393;0.49066;0.49066;76346
CIX100;27.03.2020;0.482939;0.496021;0.470928;0.472002;0.472002;80709
CIX100;28.03.2020;0.472349;0.4739;0.446606;0.45934;0.45934;93599
CIX100;29.03.2020;0.459635;0.461542;0.433857;0.435259;0.435259;80990
CIX100;30.03.2020;0.43412;0.480887;0.433166;0.473351;0.473351;78238
CIX100;31.03.2020;0.473441;0.478591;0.463924;0.47249;0.47249;83564
CIX100;01.04.2020;0.47249;0.486321;0.454288;0.486321;0.486321;99617
CIX100;02.04.2020;0.486891;0.520689;0.482401;0.497244;0.497244;98872
CIX100;03.04.2020;0.497166;0.515066;0.488034;0.495346;0.495346;67570
CIX100;04.04.2020;0.494875;0.51099;0.490167;0.504633;0.504633;68324
CIX100;05.04.2020;0.505132;0.506093;0.490912;0.498244;0.498244;67864
CIX100;06.04.2020;0.498398;0.545396;0.49713;0.540636;0.540636;74100
CIX100;07.04.2020;0.542103;0.559704;0.52977;0.534026;0.534026;80173
CIX100;08.04.2020;0.533625;0.55476;0.530646;0.552366;0.552366;104612
CIX100;09.04.2020;0.551686;0.55412;0.536405;0.549521;0.549521;112064
CIX100;10.04.2020;0.549187;0.55062;0.49329;0.512387;0.512387;83602
CIX100;11.04.2020;0.512387;0.518908;0.507891;0.513974;0.513974;85107
CIX100;12.04.2020;0.513445;0.519747;0.510548;0.519747;0.519747;88051
CIX100;13.04.2020;0.519235;0.526351;0.510803;0.514876;0.514876;85148
CIX100;14.04.2020;0.514876;0.520304;0.509207;0.50971;0.50971;71276
CIX100;15.04.2020;0.510299;0.517679;0.493822;0.495692;0.495692;66588
CIX100;16.04.2020;0.495388;0.5357;0.485162;0.533497;0.533497;68942
CIX100;17.04.2020;0.533852;0.536897;0.527286;0.531693;0.531693;71653
CIX100;18.04.2020;0.531693;0.550923;0.531149;0.548858;0.548858;75342
CIX100;19.04.2020;0.549372;0.551381;0.538669;0.540645;0.540645;59270
CIX100;20.04.2020;0.540645;0.54776;0.512431;0.51642;0.51642;50533
CIX100;21.04.2020;0.516793;0.522484;0.513961;0.518285;0.518285;54291
CIX100;22.04.2020;0.518604;0.519963;0.423722;0.447981;0.447981;90897
CIX100;23.04.2020;0.448375;0.52343;0.441929;0.48658;0.48658;58158
CIX100;24.04.2020;0.486336;0.492423;0.446208;0.486913;0.486913;70532
CIX100;25.04.2020;0.486818;0.493163;0.347517;0.48516;0.48516;45933
CIX100;26.04.2020;0.485051;0.575174;0.44303;0.527791;0.527791;59669
CIX100;27.04.2020;0.527792;0.533406;0.301261;0.431718;0.431718;28306
CIX100;28.04.2020;0.431747;0.605723;0.429789;0.589789;0.589789;10375
CIX100;29.04.2020;0.590085;0.651064;0.482517;0.485731;0.485731;3894
CIX100;30.04.2020;0.485804;0.601163;0.478706;0.545405;0.545405;3792
CIX100;01.05.2020;0.545405;0.545789;0.441641;0.501458;0.501458;7494
CIX100;02.05.2020;0.501472;0.504005;0.495534;0.498255;0.498255;6995
CIX100;03.05.2020;0.498404;0.498869;0.379418;0.418616;0.418616;7014
CIX100;04.05.2020;0.418654;0.42404;0.390617;0.401689;0.401689;5751
CIX100;05.05.2020;0.402266;0.407184;0.364963;0.368351;0.368351;5330
CIX100;06.05.2020;0.367781;0.416741;0.366032;0.415752;0.415752;6167
CIX100;07.05.2020;0.415752;0.417025;0.401139;0.404092;0.404092;5695
CIX100;08.05.2020;0.404092;0.406788;0.399817;0.403274;0.403274;5710
CIX100;09.05.2020;0.403533;0.404431;0.363548;0.369408;0.369408;5233
CIX100;10.05.2020;0.369351;0.575102;0.349611;0.445869;0.445869;8326
CIX100;11.05.2020;0.446126;0.561501;0.370521;0.409888;0.409888;8259
CIX100;12.05.2020;0.409696;0.421604;0.275883;0.314145;0.314145;15124
CIX100;13.05.2020;0.313958;0.359391;0.291293;0.359391;0.359391;9078
CIX100;14.05.2020;0.359391;0.386444;0.326133;0.328297;0.328297;1284
CIX100;15.05.2020;0.328492;0.364961;0.320256;0.324346;0.324346;943
CIX100;16.05.2020;0.323784;0.340796;0.212663;0.27567;0.27567;5662
CIX100;17.05.2020;0.275678;0.297744;0.220119;0.287838;0.287838;8436
CIX100;18.05.2020;0.287395;0.292804;0.228456;0.289239;0.289239;6473
CIX100;19.05.2020;0.289775;0.314112;0.273878;0.29432;0.29432;5916
CIX100;20.05.2020;0.294219;0.298324;0.253595;0.265681;0.265681;5763
CIX100;21.05.2020;0.266635;0.282865;0.247996;0.263602;0.263602;4170
CIX100;22.05.2020;0.263664;0.277529;0.247887;0.262235;0.262235;4513
CIX100;23.05.2020;0.262001;0.268463;0.248708;0.248708;0.248708;4506
CIX100;24.05.2020;0.248855;0.582245;0.248036;0.38028;0.38028;17740
CIX100;25.05.2020;0.370659;0.545989;0.26869;0.384504;0.384504;25874
CIX100;26.05.2020;0.386007;0.507523;0.310623;0.427973;0.427973;15672
CIX100;27.05.2020;0.427973;0.44675;0.338213;0.37598;0.37598;13826
CIX100;28.05.2020;0.376045;0.381045;0.306719;0.344766;0.344766;6729
CIX100;29.05.2020;0.344689;0.346345;0.30314;0.333063;0.333063;5251
CIX100;30.05.2020;0.33302;0.337285;0.320313;0.322885;0.322885;4845
CIX100;31.05.2020;0.322832;0.327494;0.261227;0.280571;0.280571;4866
CIX100;01.06.2020;0.281146;0.416407;0.273865;0.381116;0.381116;24486
CIX100;02.06.2020;0.378999;0.37913;0.273525;0.325139;0.325139;22403
CIX100;03.06.2020;0.325139;0.325535;0.297319;0.300745;0.300745;17912
CIX100;04.06.2020;0.300898;0.301833;0.28012;0.298154;0.298154;18132
CIX100;05.06.2020;0.298154;0.301489;0.295778;0.298601;0.298601;17780
CIX100;06.06.2020;0.298601;0.299935;0.290757;0.293169;0.293169;16390
CIX100;07.06.2020;0.293169;0.296154;0.261878;0.294942;0.294942;10645
CIX100;08.06.2020;0.294949;0.311046;0.266644;0.266722;0.266722;13720
CIX100;09.06.2020;0.267181;0.300888;0.250057;0.27606;0.27606;3127
CIX100;10.06.2020;0.276079;0.288647;0.27446;0.286441;0.286441;4202
CIX100;11.06.2020;0.286462;0.287502;0.259347;0.265689;0.265689;368
CIX100;12.06.2020;0.265865;0.270179;0.250189;0.260765;0.260765;398
CIX100;13.06.2020;0.260829;0.289727;0.250104;0.256917;0.256917;897
CIX100;14.06.2020;0.256928;0.279718;0.24981;0.265243;0.265243;672
CIX100;15.06.2020;0.265277;0.333452;0.250631;0.274543;0.274543;2567
CIX100;16.06.2020;0.274511;0.2846;0.249917;0.26921;0.26921;1357
CIX100;17.06.2020;0.26915;0.279079;0.234141;0.264624;0.264624;2973
CIX100;18.06.2020;0.264645;0.274613;0.234071;0.248113;0.248113;7124
CIX100;19.06.2020;0.248248;0.250753;0.221621;0.229602;0.229602;7130
CIX100;20.06.2020;0.229752;0.244982;0.228935;0.235914;0.235914;6706
CIX100;21.06.2020;0.231977;0.241431;0.230477;0.238626;0.238626;6247
CIX100;22.06.2020;0.238452;0.240288;0.227534;0.234199;0.234199;6981
CIX100;23.06.2020;0.234589;0.25076;0.230345;0.245846;0.245846;6857
CIX100;24.06.2020;0.241046;0.25066;0.228254;0.240761;0.240761;6643
CIX100;25.06.2020;0.240848;0.245541;0.225898;0.22822;0.22822;6696
CIX100;26.06.2020;0.228161;0.228988;0.217695;0.220423;0.220423;6344
CIX100;27.06.2020;0.220369;0.249888;0.215048;0.218994;0.218994;8126
CIX100;28.06.2020;0.218994;0.221672;0.210679;0.216467;0.216467;7067
CIX100;29.06.2020;0.216206;0.225458;0.210448;0.221518;0.221518;6227
CIX100;30.06.2020;0.221825;0.226538;0.214495;0.218122;0.218122;5808
CIX100;01.07.2020;0.217894;0.225742;0.215072;0.221757;0.221757;6047
CIX100;02.07.2020;0.221899;0.223306;0.21697;0.222001;0.222001;6305
CIX100;03.07.2020;0.224207;0.224556;0.216155;0.218725;0.218725;1717
CIX100;04.07.2020;0.218658;0.220809;0.17868;0.206133;0.206133;2482
CIX100;05.07.2020;0.206019;0.207049;0.197866;0.20158;0.20158;1773
CIX100;06.07.2020;0.20158;0.206983;0.198279;0.203918;0.203918;431
CIX100;07.07.2020;0.20387;0.20387;0.158134;0.185087;0.185087;10419
CIX100;08.07.2020;0.185087;0.187433;0.160029;0.172783;0.172783;2940
CIX100;09.07.2020;0.172841;0.172841;0.159797;0.167267;0.167267;683
CIX100;10.07.2020;0.167474;0.169163;0.159877;0.168783;0.168783;1525
CIX100;11.07.2020;0.16877;0.217484;0.163404;0.193271;0.193271;15485
CIX100;12.07.2020;0.193089;0.197438;0.178416;0.191779;0.191779;18166
CIX100;13.07.2020;0.191779;0.216988;0.159641;0.183596;0.183596;16849
CIX100;14.07.2020;0.183596;0.209708;0.179834;0.191818;0.191818;8920
CIX100;15.07.2020;0.191796;0.195204;0.178195;0.18712;0.18712;2189
CIX100;16.07.2020;0.187169;0.197412;0.169823;0.173554;0.173554;11815
CIX100;17.07.2020;0.173524;0.195245;0.169759;0.176877;0.176877;16528
CIX100;18.07.2020;0.176825;0.182312;0.161654;0.172647;0.172647;12017
CIX100;19.07.2020;0.172613;0.175413;0.168369;0.173852;0.173852;1283
CIX100;20.07.2020;0.173852;0.185393;0.167589;0.169231;0.169231;768
CIX100;21.07.2020;0.169231;0.194888;0.151301;0.19317;0.19317;10349
CIX100;22.07.2020;0.193187;0.279538;0.154363;0.260182;0.260182;84020
CIX100;23.07.2020;0.260182;0.264018;0.175541;0.227083;0.227083;33083
CIX100;24.07.2020;0.227083;0.230599;0.182991;0.195246;0.195246;56497
CIX100;25.07.2020;0.195571;0.208973;0.173157;0.186068;0.186068;59404
CIX100;26.07.2020;0.188805;0.189689;0.161415;0.162551;0.162551;47405
CIX100;27.07.2020;0.162548;0.17013;0.161271;0.163295;0.163295;62905
CIX100;28.07.2020;0.163231;0.163959;0.151135;0.151135;0.151135;21172
CIX100;29.07.2020;0.15113;0.159596;0.150841;0.153525;0.153525;91783
CIX100;30.07.2020;0.152962;0.15554;0.133025;0.153862;0.153862;54564
CIX100;31.07.2020;0.153902;0.18993;0.153202;0.183243;0.183243;65950
CIX100;01.08.2020;0.183243;0.185322;0.167862;0.176536;0.176536;810
CIX100;02.08.2020;0.176853;0.188825;0.153571;0.166328;0.166328;74561
CIX100;03.08.2020;0.166328;0.166595;0.153178;0.162787;0.162787;38759
CIX100;04.08.2020;0.162787;0.162937;0.150066;0.153991;0.153991;46159
CIX100;05.08.2020;0.153962;0.154993;0.150237;0.150654;0.150654;59656
CIX100;06.08.2020;0.150654;0.153806;0.150187;0.152135;0.152135;60454
CIX100;07.08.2020;0.152155;0.156856;0.15055;0.15055;0.15055;46063
CIX100;08.08.2020;0.150555;0.165525;0.15036;0.159961;0.159961;34642
CIX100;09.08.2020;0.159918;0.160784;0.153266;0.155194;0.155194;18614
CIX100;10.08.2020;0.155194;0.157843;0.150557;0.150828;0.150828;54482
CIX100;11.08.2020;0.150763;0.160785;0.150706;0.160643;0.160643;64426
CIX100;12.08.2020;0.160552;0.174406;0.153553;0.165219;0.165219;40574
CIX100;13.08.2020;0.165246;0.175996;0.161138;0.168522;0.168522;91524
CIX100;14.08.2020;0.175448;0.175911;0.165067;0.169552;0.169552;35237
CIX100;15.08.2020;0.169544;0.171534;0.161126;0.162541;0.162541;13256
CIX100;16.08.2020;0.162677;0.164015;0.15594;0.15854;0.15854;89064
CIX100;17.08.2020;0.15854;0.172009;0.155905;0.169866;0.169866;75146
CIX100;18.08.2020;0.169942;0.182931;0.163084;0.181718;0.181718;76030
CIX100;19.08.2020;0.181674;0.561277;0.177148;0.48733;0.48733;119964
CIX100;20.08.2020;0.48733;0.541363;0.30142;0.350827;0.350827;70798
CIX100;21.08.2020;0.350802;0.395545;0.329714;0.34427;0.34427;41147
CIX100;22.08.2020;0.343751;0.343751;0.331869;0.339607;0.339607;72935
CIX100;23.08.2020;0.339666;0.340572;0.301482;0.323357;0.323357;45669
CIX100;24.08.2020;0.319631;0.323379;0.289537;0.298187;0.298187;54578
CIX100;25.08.2020;0.29836;0.298533;0.275807;0.282513;0.282513;24647
CIX100;26.08.2020;0.282725;0.282914;0.250555;0.250597;0.250597;381
CIX100;27.08.2020;0.249445;0.260279;0.225896;0.229065;0.229065;38193
CIX100;28.08.2020;0.22906;0.229353;0.204669;0.219527;0.219527;20029
CIX100;29.08.2020;0.219402;0.220006;0.210352;0.217958;0.217958;59445
CIX100;30.08.2020;0.218114;0.218212;0.193089;0.198673;0.198673;20487
CIX100;31.08.2020;0.198673;0.213672;0.198471;0.204798;0.204798;18848
CIX100;01.09.2020;0.204762;0.237524;0.204194;0.237052;0.237052;14893
CIX100;02.09.2020;0.236896;0.236896;0.203429;0.213785;0.213785;16284
CIX100;03.09.2020;0.213642;0.234013;0.177038;0.179037;0.179037;1735
CIX100;04.09.2020;0.17875;0.185515;0.173412;0.183641;0.183641;51208
CIX100;05.09.2020;0.183681;0.18472;0.174056;0.181762;0.181762;13818
CIX100;06.09.2020;0.181688;0.814712;0.177802;0.178598;0.178598;799
CIX100;07.09.2020;0.178598;0.183764;0.177532;0.183151;0.183151;13295
CIX100;08.09.2020;0.183038;0.204;0.170049;0.191943;0.191943;13361
CIX100;09.09.2020;0.192017;0.203087;0.172515;0.202272;0.202272;59845
CIX100;10.09.2020;0.202272;0.202602;0.177367;0.187506;0.187506;226
CIX100;11.09.2020;0.187428;0.202545;0.17666;0.18902;0.18902;126404
CIX100;12.09.2020;0.189036;0.219308;0.188663;0.210008;0.210008;1667
CIX100;13.09.2020;0.210228;0.221467;0.183413;0.207864;0.207864;646
CIX100;14.09.2020;0.207924;0.222468;0.190353;0.209272;0.209272;35481
CIX100;15.09.2020;0.209272;0.220834;0.208458;0.2134;0.2134;21035
CIX100;16.09.2020;0.213464;0.214138;0.199046;0.200182;0.200182;12307
CIX100;17.09.2020;0.200182;0.433351;0.1779;0.25979;0.25979;12286
CIX100;18.09.2020;0.25979;0.351165;0.19307;0.274631;0.274631;37974
CIX100;19.09.2020;0.274631;0.301364;0.200181;0.280059;0.280059;5042
CIX100;20.09.2020;0.280083;0.486619;0.2598;0.440907;0.440907;28483
CIX100;21.09.2020;0.440978;0.46413;0.249661;0.320999;0.320999;8927
CIX100;22.09.2020;0.321575;0.361644;0.290354;0.323691;0.323691;28625
CIX100;23.09.2020;0.323365;0.342965;0.300139;0.300277;0.300277;1136
CIX100;24.09.2020;0.300277;0.3515;0.26778;0.333633;0.333633;33053
CIX100;25.09.2020;0.333633;0.420606;0.289824;0.369031;0.369031;25088
CIX100;26.09.2020;0.369031;0.370545;0.32081;0.348818;0.348818;1206
CIX100;27.09.2020;0.348818;0.480991;0.330508;0.446423;0.446423;39075
CIX100;28.09.2020;0.446423;0.480805;0.402409;0.417808;0.417808;14999
CIX100;29.09.2020;0.417808;0.467944;0.410698;0.42239;0.42239;1335
CIX100;30.09.2020;0.42239;0.458552;0.41022;0.429395;0.429395;3744
CIX100;01.10.2020;0.429456;0.430106;0.341743;0.366166;0.366166;27370
CIX100;02.10.2020;0.366159;0.65311;0.351469;0.438537;0.438537;7910
CIX100;03.10.2020;0.438539;0.60357;0.421545;0.47885;0.47885;2404
CIX100;04.10.2020;0.478853;0.538142;0.461256;0.461256;0.461256;563
CIX100;05.10.2020;0.461256;0.468278;0.445486;0.46193;0.46193;1243
CIX100;06.10.2020;0.46193;0.560476;0.458478;0.526756;0.526756;47814
CIX100;07.10.2020;0.525515;0.703434;0.494972;0.543524;0.543524;3436
CIX100;08.10.2020;0.543524;0.607005;0.538112;0.578293;0.578293;8942
CIX100;09.10.2020;0.578293;0.637439;0.511703;0.511743;0.511743;433
CIX100;10.10.2020;0.511743;0.6007;0.500598;0.600511;0.600511;1328
CIX100;11.10.2020;0.600511;0.600636;0.539485;0.561202;0.561202;138
CIX100;12.10.2020;0.561202;0.592156;0.539418;0.581666;0.581666;19623
CIX100;13.10.2020;0.581666;0.600649;0.57126;0.592428;0.592428;561
CIX100;14.10.2020;0.592428;0.608766;0.584321;0.592366;0.592366;829
CIX100;15.10.2020;0.592366;0.616691;0.58423;0.6031;0.6031;30206
CIX100;16.10.2020;0.6031;0.67524;0.584317;0.616835;0.616835;942
CIX100;17.10.2020;0.619548;0.623131;0.586782;0.594014;0.594014;52139
CIX100;18.10.2020;0.594014;0.676494;0.586899;0.623839;0.623839;534
CIX100;19.10.2020;0.623839;0.630194;0.586793;0.601002;0.601002;31362
CIX100;20.10.2020;0.601002;0.601144;0.567896;0.571883;0.571883;1215
CIX100;21.10.2020;0.571883;0.587763;0.521335;0.530561;0.530561;1688
CIX100;22.10.2020;0.518099;0.543246;0.513577;0.5318;0.5318;292
CIX100;23.10.2020;0.5318;0.531903;0.374764;0.399302;0.399302;3703
CIX100;24.10.2020;0.399302;0.440458;0.39716;0.409832;0.409832;10716
CIX100;25.10.2020;0.409832;0.46543;0.385999;0.409995;0.409995;2081
CIX100;26.10.2020;0.409995;0.469377;0.388157;0.408251;0.408251;41658
CIX100;27.10.2020;0.408251;0.420392;0.388105;0.400149;0.400149;426
CIX100;28.10.2020;0.400149;0.400279;0.384903;0.386772;0.386772;529
CIX100;29.10.2020;0.386772;0.386957;0.373871;0.379913;0.379913;2788
CIX100;30.10.2020;0.379913;0.387008;0.350308;0.371756;0.371756;41872
CIX100;31.10.2020;0.371756;0.386956;0.348618;0.376625;0.376625;586
CIX100;01.11.2020;0.376625;0.386852;0.365403;0.379474;0.379474;114
CIX100;02.11.2020;0.379474;0.389106;0.371081;0.38183;0.38183;744
CIX100;03.11.2020;0.38183;0.387229;0.362138;0.384952;0.384952;85952
CIX100;04.11.2020;0.384952;0.5137;0.379383;0.388258;0.388258;1944
CIX100;05.11.2020;0.388258;0.532732;0.388205;0.480802;0.480802;2766
CIX100;06.11.2020;0.480802;0.511614;0.445292;0.503189;0.503189;284
CIX100;07.11.2020;0.503189;0.506315;0.402495;0.460735;0.460735;1126
CIX100;08.11.2020;0.460735;0.500497;0.460351;0.469747;0.469747;249
CIX100;09.11.2020;0.469747;0.532947;0.463582;0.528665;0.528665;36271
CIX100;10.11.2020;0.528665;0.600655;0.485369;0.600536;0.600536;23600
CIX100;11.11.2020;0.600536;0.600732;0.469972;0.524997;0.524997;737
CIX100;12.11.2020;0.524997;0.554428;0.460513;0.483656;0.483656;1027
CIX100;13.11.2020;0.483656;0.511934;0.46024;0.511667;0.511667;252
CIX100;14.11.2020;0.511667;0.511764;0.503967;0.508846;0.508846;270
CIX100;15.11.2020;0.508846;0.508897;0.461;0.489056;0.489056;567
CIX100;16.11.2020;0.489056;0.70353;0.478052;0.530199;0.530199;29045
CIX100;17.11.2020;0.517369;0.530219;0.466455;0.497467;0.497467;3792
CIX100;18.11.2020;0.497467;0.500526;0.469507;0.499179;0.499179;681
CIX100;19.11.2020;0.499179;0.499493;0.466496;0.494299;0.494299;572
CIX100;20.11.2020;0.494299;0.497141;0.466352;0.483616;0.483616;175
CIX100;21.11.2020;0.483616;0.49804;0.459422;0.491726;0.491726;1174
CIX100;22.11.2020;0.491726;0.491762;0.459345;0.479717;0.479717;407
CIX100;23.11.2020;0.479717;0.483208;0.460024;0.477536;0.477536;297
CIX100;24.11.2020;0.477544;0.493109;0.469776;0.482552;0.482552;348
CIX100;25.11.2020;0.482557;0.524526;0.460061;0.486254;0.486254;876
CIX100;26.11.2020;0.486246;0.49037;0.460205;0.47308;0.47308;473
CIX100;27.11.2020;0.473121;0.479246;0.461485;0.468917;0.468917;127
CIX100;28.11.2020;0.468922;0.470681;0.461505;0.464407;0.464407;28
CIX100;29.11.2020;0.464414;0.470619;0.461855;0.463806;0.463806;139
CIX100;30.11.2020;0.463802;0.468897;0.461551;0.466688;0.466688;259
CIX100;01.12.2020;0.466686;0.467343;0.461725;0.467129;0.467129;318
CIX100;02.12.2020;0.467147;0.468695;0.461376;0.468291;0.468291;253
CIX100;03.12.2020;0.468304;0.514625;0.461288;0.469743;0.469743;575
CIX100;04.12.2020;0.469744;0.475707;0.461306;0.472556;0.472556;62841
CIX100;05.12.2020;0.472552;0.507967;0.461145;0.473759;0.473759;759
CIX100;06.12.2020;0.473758;0.477844;0.464048;0.469126;0.469126;40642
CIX100;07.12.2020;0.469134;0.469402;0.463583;0.465633;0.465633;79
CIX100;08.12.2020;0.465656;0.649872;0.463276;0.56801;0.56801;2900
CIX100;09.12.2020;0.567993;8.998736;0.466809;0.782478;0.782478;135864
CIX100;10.12.2020;0.782447;0.821466;0.564891;0.69568;0.69568;43759
CIX100;11.12.2020;0.704828;0.866115;0.539846;0.586224;0.586224;41516
CIX100;12.12.2020;0.586228;0.620379;0.570242;0.576448;0.576448;15812
CIX100;13.12.2020;0.576427;0.620027;0.476355;0.531292;0.531292;24996
CIX100;14.12.2020;0.531276;0.550144;0.482828;0.505385;0.505385;10338
CIX100;15.12.2020;0.505246;0.514649;0.490374;0.497851;0.497851;30523
CIX100;16.12.2020;0.497836;0.497883;0.398448;0.431482;0.431482;9856
CIX100;17.12.2020;0.431511;0.43154;0.353936;0.365249;0.365249;9614
CIX100;18.12.2020;0.365241;0.376522;0.349867;0.360291;0.360291;3676
CIX100;19.12.2020;0.360282;0.360286;0.284129;0.304053;0.304053;6982
CIX100;20.12.2020;0.304052;0.31455;0.259909;0.260946;0.260946;1656
CIX100;21.12.2020;0.260947;0.939924;0.26093;0.709894;0.709894;105968
CIX100;22.12.2020;0.688031;0.788907;0.41313;0.574527;0.574527;75320
CIX100;23.12.2020;0.55635;0.599473;0.419952;0.429744;0.429744;26839
CIX100;24.12.2020;0.429733;0.767335;0.429644;0.542402;0.542402;57577
CIX100;25.12.2020;0.545243;0.686629;0.486224;0.563357;0.563357;85288
CIX100;26.12.2020;0.571626;0.571631;0.498206;0.505715;0.505715;13083
CIX100;27.12.2020;0.505351;0.517199;0.478999;0.490787;0.490787;7140
CIX100;28.12.2020;0.490787;0.49626;0.449453;0.472101;0.472101;6958
CIX100;29.12.2020;0.47209;0.613157;0.465871;0.554315;0.554315;21725
CIX100;30.12.2020;0.579172;0.613741;0.504806;0.515902;0.515902;21629
CIX100;31.12.2020;0.515902;0.531015;0.465357;0.482389;0.482389;6731
CIX100;01.01.2021;0.482388;0.501882;0.461439;0.475896;0.475896;4776
CIX100;02.01.2021;0.47591;0.494923;0.414302;0.431688;0.431688;9602
CIX100;03.01.2021;0.431759;0.49486;0.420138;0.45817;0.45817;11238
CIX100;04.01.2021;0.452713;0.473373;0.420598;0.426381;0.426381;10466
CIX100;05.01.2021;0.429165;0.457633;0.420119;0.449736;0.449736;4723
CIX100;06.01.2021;0.448616;0.458687;0.417377;0.445644;0.445644;5857
CIX100;07.01.2021;0.441904;0.554089;0.426814;0.465179;0.465179;8619
CIX100;08.01.2021;0.465186;0.656465;0.446303;0.576909;0.576909;16456
CIX100;09.01.2021;0.576926;0.632058;0.503306;0.546147;0.546147;13966
CIX100;10.01.2021;0.546185;0.582043;0.51964;0.527118;0.527118;7873
CIX100;11.01.2021;0.527118;0.544976;0.389029;0.467003;0.467003;9657
CIX100;12.01.2021;0.467014;0.579467;0.436405;0.502335;0.502335;17032
CIX100;13.01.2021;0.502308;0.511714;0.449789;0.510012;0.510012;6477
CIX100;14.01.2021;0.509999;0.51128;0.479701;0.494836;0.494836;2282
CIX100;15.01.2021;0.494827;0.49972;0.440694;0.472441;0.472441;4040
CIX100;16.01.2021;0.472427;0.482527;0.440785;0.467582;0.467582;5460
CIX100;17.01.2021;0.467591;0.508957;0.404244;0.446948;0.446948;11512
CIX100;18.01.2021;0.447295;0.491951;0.416679;0.462079;0.462079;10437
CIX100;19.01.2021;0.462081;0.515726;0.462031;0.475229;0.475229;4855
CIX100;20.01.2021;0.475207;0.483346;0.459649;0.462804;0.462804;1897
CIX100;21.01.2021;0.462807;0.46284;0.422844;0.423459;0.423459;3436
CIX100;22.01.2021;0.423461;0.442204;0.391151;0.432443;0.432443;3499
CIX100;23.01.2021;0.432393;0.511984;0.432259;0.452627;0.452627;4046
CIX100;24.01.2021;0.452621;0.460666;0.420981;0.434031;0.434031;1852
CIX100;25.01.2021;0.434034;0.460925;0.411751;0.447472;0.447472;27850
CIX100;26.01.2021;0.447487;0.465793;0.440969;0.455486;0.455486;1419
CIX100;27.01.2021;0.455482;0.455496;0.41155;0.429714;0.429714;29893
CIX100;28.01.2021;0.429717;0.485635;0.423703;0.454266;0.454266;8868
CIX100;29.01.2021;0.45433;0.482733;0.433237;0.461755;0.461755;4793
CIX100;30.01.2021;0.461734;0.480177;0.42988;0.439293;0.439293;2228
CIX100;31.01.2021;0.439275;0.475545;0.412625;0.45595;0.45595;5566
CIX100;01.02.2021;0.455938;0.464073;0.432985;0.455706;0.455706;49595
CIX100;02.02.2021;0.455694;0.460621;0.416304;0.443118;0.443118;5035
CIX100;03.02.2021;0.443132;0.460268;0.4254;0.435452;0.435452;4456
CIX100;04.02.2021;0.435441;0.48048;0.429843;0.466859;0.466859;48424
CIX100;05.02.2021;0.466875;0.510422;0.457781;0.475331;0.475331;7325
CIX100;06.02.2021;0.479173;0.500744;0.460064;0.481486;0.481486;8358
CIX100;07.02.2021;0.481493;0.481529;0.457801;0.462488;0.462488;2927
CIX100;08.02.2021;0.46248;0.510495;0.457646;0.502943;0.502943;6064
CIX100;09.02.2021;0.502975;0.504255;0.443971;0.480564;0.480564;16430
CIX100;10.02.2021;0.480591;0.502544;0.441276;0.459663;0.459663;6848
CIX100;11.02.2021;0.459651;0.476;0.455263;0.467585;0.467585;22460
CIX100;12.02.2021;0.467552;0.52392;0.467461;0.523889;0.523889;17429
CIX100;13.02.2021;0.523885;0.567595;0.493354;0.565801;0.565801;25640
CIX100;14.02.2021;0.565808;0.580297;0.546887;0.571984;0.571984;56271
CIX100;15.02.2021;0.571986;0.57201;0.552479;0.559595;0.559595;5146
CIX100;16.02.2021;0.55962;0.650172;0.559409;0.623816;0.623816;5729
CIX100;17.02.2021;0.623791;0.650689;0.617292;0.617382;0.617382;16029
CIX100;18.02.2021;0.617389;0.617965;0.612593;0.612615;0.612615;4573
CIX100;19.02.2021;0.612612;0.612996;0.579767;0.591381;0.591381;119762
CIX100;20.02.2021;0.591359;0.601987;0.577241;0.59858;0.59858;95848
CIX100;21.02.2021;0.598581;0.613354;0.598486;0.600669;0.600669;134949
CIX100;22.02.2021;0.600669;0.600754;0.599237;0.599781;0.599781;173515
CIX100;23.02.2021;0.599787;0.599821;0.576647;0.583602;0.583602;3055
CIX100;24.02.2021;0.583609;0.584235;0.558985;0.563951;0.563951;36556
CIX100;25.02.2021;0.563957;1.250841;0.492948;0.88412;0.88412;163456
CIX100;26.02.2021;0.884171;1.200145;0.650314;0.766183;0.766183;182544
CIX100;27.02.2021;0.755665;0.971688;0.744364;0.809712;0.809712;61630
CIX100;28.02.2021;0.809672;0.902503;0.62918;0.759262;0.759262;56705
CIX100;01.03.2021;0.759263;0.901407;0.738351;0.814164;0.814164;166810
CIX100;02.03.2021;0.814123;0.817326;0.702504;0.738699;0.738699;18993
CIX100;03.03.2021;0.738714;0.840688;0.711854;0.763012;0.763012;51184
CIX100;04.03.2021;0.752544;0.752544;0.62006;0.662892;0.662892;26633
CIX100;05.03.2021;0.662899;0.880712;0.600352;0.880712;0.880712;51927
CIX100;06.03.2021;0.910745;0.990782;0.660186;0.696708;0.696708;296345
CIX100;07.03.2021;0.696732;0.700309;0.6387;0.656686;0.656686;46215
CIX100;08.03.2021;0.656639;0.681347;0.614833;0.637857;0.637857;273075
CIX100;09.03.2021;0.637855;0.681314;0.612935;0.642895;0.642895;13469
CIX100;10.03.2021;0.642908;0.835495;0.612809;0.791986;0.791986;117366
CIX100;11.03.2021;0.835439;0.835465;0.610154;0.677817;0.677817;231285
CIX100;12.03.2021;0.677835;0.677848;0.608728;0.621125;0.621125;8218
CIX100;13.03.2021;0.621143;0.77454;0.610032;0.70572;0.70572;484335
CIX100;14.03.2021;0.71142;0.840233;0.67716;0.814227;0.814227;38226
CIX100;15.03.2021;0.81422;0.829885;0.720908;0.769718;0.769718;21216
CIX100;16.03.2021;0.769718;0.873239;0.736533;0.817478;0.817478;475793
CIX100;17.03.2021;0.817498;0.86712;0.808383;0.842773;0.842773;214586
CIX100;18.03.2021;0.842737;0.883945;0.814898;0.845945;0.845945;383934
CIX100;19.03.2021;0.845882;0.947685;0.843855;0.901491;0.901491;36974
CIX100;20.03.2021;0.901356;0.901356;0.72728;0.773018;0.773018;34818
CIX100;21.03.2021;0.77288;0.776873;0.712035;0.757154;0.757154;40390
CIX100;22.03.2021;0.757238;0.841857;0.746054;0.831377;0.831377;32031
CIX100;23.03.2021;0.831443;0.831602;0.747144;0.781746;0.781746;10249
CIX100;24.03.2021;0.781913;0.817689;0.745545;0.782661;0.782661;10466
CIX100;25.03.2021;0.782677;0.813265;0.737908;0.767444;0.767444;6953
CIX100;26.03.2021;0.769531;0.824824;0.737655;0.801087;0.801087;20036
CIX100;27.03.2021;0.800978;0.839647;0.748908;0.780714;0.780714;10912
CIX100;28.03.2021;0.785352;0.840577;0.771508;0.806829;0.806829;14228
CIX100;29.03.2021;0.80674;0.889817;0.776567;0.888162;0.888162;21289
CIX100;30.03.2021;0.888126;0.890186;0.789869;0.833218;0.833218;25005
CIX100;31.03.2021;0.833296;0.871732;0.83016;0.848056;0.848056;17773
CIX100;01.04.2021;0.848017;0.890836;0.840479;0.871917;0.871917;8288
CIX100;02.04.2021;0.871824;0.891916;0.850803;0.859744;0.859744;14283
CIX100;03.04.2021;0.859675;0.88499;0.852452;0.854007;0.854007;10161
CIX100;04.04.2021;0.853916;0.956629;0.853678;0.955573;0.955573;20915
CIX100;05.04.2021;0.95566;1.000619;0.910434;0.994982;0.994982;45707
CIX100;06.04.2021;0.989931;1.054766;0;1.042064;1.042064;26493
CIX100;07.04.2021;1.051764;1.118821;1.00358;1.094557;1.094557;20948
CIX100;08.04.2021;1.094576;1.118631;1.041215;1.090349;1.090349;17959
CIX100;09.04.2021;1.090332;1.114509;1.027853;1.096398;1.096398;29155
CIX100;10.04.2021;1.091827;1.118586;1.053064;1.109899;1.109899;21422
CIX100;11.04.2021;1.10991;1.155248;1.069142;1.140423;1.140423;21919
CIX100;12.04.2021;1.140287;1.226877;1.117706;1.160542;1.160542;35307
CIX100;13.04.2021;1.160587;1.253878;1.055926;1.089083;1.089083;55695
CIX100;14.04.2021;1.089079;1.130398;1.046651;1.077922;1.077922;18652
CIX100;15.04.2021;1.077981;1.083825;0.990181;1.033494;1.033494;15050
CIX100;16.04.2021;1.033185;1.061022;0.952746;0.965922;0.965922;19090
CIX100;17.04.2021;0.96589;1.060984;0.96589;1.027499;1.027499;15724
CIX100;18.04.2021;1.027623;3.699789;0.7585;0.816705;0.816705;620105
CIX100;19.04.2021;0.812505;1.000037;0.747042;0.806156;0.806156;172849
CIX100;20.04.2021;0.812311;0.833731;0.72258;0.744842;0.744842;59100
CIX100;21.04.2021;0.746474;0.764574;0;0.723107;0.723107;30689
CIX100;22.04.2021;0.72558;1.499843;0.722567;0.88165;0.88165;349143
CIX100;23.04.2021;0.881839;0.881839;0.594307;0.716542;0.716542;101286
CIX100;24.04.2021;0.716696;0.735123;0.657983;0.690546;0.690546;48344
CIX100;25.04.2021;0.694717;0.695826;0.650983;0.654774;0.654774;12563
CIX100;26.04.2021;0.653807;0.738889;0.651506;0.705371;0.705371;146926
CIX100;27.04.2021;0.705259;0.725947;0.68212;0.696115;0.696115;21841
CIX100;28.04.2021;0.696064;0.70334;0.654805;0.674189;0.674189;22184
CIX100;29.04.2021;0.674145;0.769057;0.644925;0.764608;0.764608;49965
CIX100;30.04.2021;0.764614;0.89982;0.725822;0.849243;0.849243;46790
CIX100;01.05.2021;0.849357;0.973865;0.784813;0.857845;0.857845;462708
CIX100;02.05.2021;0.857785;0.876273;0.801471;0.83795;0.83795;666778
CIX100;03.05.2021;0.837971;0.910138;0.821732;0.860546;0.860546;16218
CIX100;04.05.2021;0.853311;0.853319;0.730601;0.732884;0.732884;20965
CIX100;05.05.2021;0.730644;0.770734;0.707766;0.749947;0.749947;29115
CIX100;06.05.2021;0.749756;0.770219;0.715288;0.770026;0.770026;27963
CIX100;07.05.2021;0.77021;0.770928;0.722973;0.761209;0.761209;624956
CIX100;08.05.2021;0.761406;0.942031;0.743401;0.906928;0.906928;50831
CIX100;09.05.2021;0.90684;0.990139;0.895157;0.945105;0.945105;526004
CIX100;10.05.2021;0.945135;1.091648;0.914494;0.928561;0.928561;257753
CIX100;11.05.2021;0.928597;0.951153;0.828819;0.923457;0.923457;352711
CIX100;12.05.2021;0.92337;0.936923;0.906963;0.907112;0.907112;19790
CIX100;13.05.2021;0.907123;0.930058;0.87991;0.909942;0.909942;62881
CIX100;14.05.2021;0.914289;0.927987;0.828781;0.891764;0.891764;162233
CIX100;15.05.2021;0.891889;0.923416;0.873815;0.910038;0.910038;26923
CIX100;16.05.2021;0.909749;0.914402;0.873781;0.887407;0.887407;15182
CIX100;17.05.2021;0.887418;0.899537;0.802298;0.83317;0.83317;41908
CIX100;18.05.2021;0.832845;0.84778;0.802991;0.811446;0.811446;15182
CIX100;19.05.2021;0.811492;0.815685;0.464035;0.550952;0.550952;59067
CIX100;20.05.2021;0.547684;0.573881;0.481617;0.538208;0.538208;25017
CIX100;21.05.2021;0.538265;0.582099;0.473959;0.478005;0.478005;17457
CIX100;22.05.2021;0.478011;0.48352;0.461346;0.472374;0.472374;278741
CIX100;23.05.2021;0.472374;0.479714;0.296597;0.349534;0.349534;77021
CIX100;24.05.2021;0.349534;0.43132;0.33679;0.379908;0.379908;29348
CIX100;25.05.2021;0.387289;0.426993;0.343426;0.35614;0.35614;204217
CIX100;26.05.2021;0.356419;0.364523;0.320488;0.345752;0.345752;80291
CIX100;27.05.2021;0.34577;0.364497;0.3306;0.335991;0.335991;124328
CIX100;28.05.2021;0.335983;0.343351;0.231022;0.271041;0.271041;37682
CIX100;29.05.2021;0.27101;1.400593;0.251507;0.49018;0.49018;2001776
CIX100;30.05.2021;0.489192;0.584321;0.364538;0.460009;0.460009;1095460
CIX100;31.05.2021;0.463589;0.476691;0.370398;0.389667;0.389667;241367
CIX100;01.06.2021;0.389627;0.394844;0.332239;0.340019;0.340019;128657
CIX100;02.06.2021;0.341897;0.341897;0.278094;0.300378;0.300378;244389
CIX100;03.06.2021;0.300415;0.340187;0.300129;0.314234;0.314234;110556
CIX100;04.06.2021;0.314259;0.320351;0.270181;0.277536;0.277536;81367
CIX100;05.06.2021;0.277498;0.29243;0.275387;0.283647;0.283647;50538
CIX100;06.06.2021;0.283589;0.450133;0.283589;0.341285;0.341285;400911
CIX100;07.06.2021;0.341286;0.345935;0.270174;0.271628;0.271628;131160
CIX100;08.06.2021;0.271644;0.298099;0.240486;0.294023;0.294023;119654
CIX100;09.06.2021;0.294019;0.31251;0.260329;0.297071;0.297071;107104
CIX100;10.06.2021;0.29723;0.388938;0.278843;0.291405;0.291405;201510
CIX100;11.06.2021;0.291395;0.302026;0.273045;0.300133;0.300133;89721
CIX100;12.06.2021;0.296061;0.300148;0.265128;0.281924;0.281924;67962
CIX100;13.06.2021;0.281921;0.300349;0.272635;0.276149;0.276149;65869
CIX100;14.06.2021;0.276166;0.28442;0.270081;0.284327;0.284327;61461
CIX100;15.06.2021;0.273415;0.294391;0.259822;0.282664;0.282664;95989
CIX100;16.06.2021;0.263932;0.276119;0.25126;0.257714;0.257714;94534
CIX100;17.06.2021;0.257686;0.265694;0.240085;0.243823;0.243823;67545
CIX100;18.06.2021;0.247494;0.28347;0.236015;0.255855;0.255855;124837
CIX100;19.06.2021;0.25584;0.274961;0.242285;0.25318;0.25318;44573
CIX100;20.06.2021;0.253127;0.254089;0.212933;0.236758;0.236758;67104
CIX100;21.06.2021;0.236747;0.243211;0.210378;0.220031;0.220031;52980
CIX100;22.06.2021;0.22001;0.220038;0.150539;0.193068;0.193068;80097
CIX100;23.06.2021;0.193063;0.203161;0.170106;0.191917;0.191917;28039
CIX100;24.06.2021;0.183204;0.236981;0.164786;0.19511;0.19511;124491
CIX100;25.06.2021;0.195129;0.199388;0.165472;0.183683;0.183683;44951
CIX100;26.06.2021;0.180492;0.193098;0.17019;0.186256;0.186256;15584
CIX100;27.06.2021;0.186236;0.225278;0.186236;0.195967;0.195967;25112
CIX100;28.06.2021;0.195956;0.208839;0.183089;0.191968;0.191968;24786
CIX100;29.06.2021;0.191946;0.19364;0.178027;0.180652;0.180652;23778
CIX100;30.06.2021;0.180634;0.181415;0.164974;0.177402;0.177402;16786
CIX100;01.07.2021;0.177398;0.18147;0.164817;0.168684;0.168684;16048
CIX100;02.07.2021;0.168678;0.181027;0.153857;0.167275;0.167275;43185
CIX100;03.07.2021;0.166675;0.174406;0.163767;0.169812;0.169812;21803
CIX100;04.07.2021;0.169803;0.180892;0.158329;0.171738;0.171738;40022
CIX100;05.07.2021;0.170125;0.185629;0.165947;0.179267;0.179267;14916
CIX100;06.07.2021;0.17926;0.211153;0.167094;0.174946;0.174946;61246
CIX100;07.07.2021;0.174956;0.175904;0.16105;0.162944;0.162944;45373
CIX100;08.07.2021;0.162955;0.172153;0.159992;0.166705;0.166705;19628
CIX100;09.07.2021;0.166693;0.175909;0.162051;0.167242;0.167242;21550
CIX100;10.07.2021;0.16723;0.167238;0.148927;0.159381;0.159381;33063
CIX100;11.07.2021;0.159367;0.166347;0.148979;0.155022;0.155022;30735
CIX100;12.07.2021;0.155015;0.156361;0.140254;0.1469;0.1469;14693
CIX100;13.07.2021;0.14746;0.165076;0.140043;0.155484;0.155484;17599
CIX100;14.07.2021;0.157513;0.169387;0.144627;0.15406;0.15406;28605
CIX100;15.07.2021;0.154071;0.168012;0.151257;0.156103;0.156103;25360
CIX100;16.07.2021;0.156092;0.166283;0.151203;0.153193;0.153193;16273
CIX100;17.07.2021;0.153187;0.168014;0.149625;0.157937;0.157937;12578
CIX100;18.07.2021;0.159768;0.168052;0.14155;0.145234;0.145234;10615
CIX100;19.07.2021;0.14523;0.151474;0.140322;0.140353;0.140353;5084
CIX100;20.07.2021;0.140353;0.161661;0.139015;0.145782;0.145782;17102
CIX100;21.07.2021;0.145783;0.166409;0.135311;0.156529;0.156529;26083
CIX100;22.07.2021;0.156529;0.171745;0.156023;0.162737;0.162737;10865
CIX100;23.07.2021;0.162737;0.199981;0.161165;0.170361;0.170361;25321
CIX100;24.07.2021;0.169835;0.195099;0.167494;0.181768;0.181768;10512
CIX100;25.07.2021;0.181768;0.184074;0.164107;0.167774;0.167774;15682
CIX100;26.07.2021;0.167777;0.202588;0.166731;0.171116;0.171116;50426
CIX100;27.07.2021;0.171133;0.177824;0.164026;0.167613;0.167613;211255
CIX100;28.07.2021;0.168062;0.179338;0.166634;0.174655;0.174655;162397
CIX100;29.07.2021;0.17466;0.178878;0.166405;0.17113;0.17113;12695
CIX100;30.07.2021;0.171118;0.177123;0.160777;0.171669;0.171669;10972
CIX100;31.07.2021;0.171649;0.179075;0.164412;0.168424;0.168424;117586
CIX100;01.08.2021;0.168316;0.196002;0.163697;0.175845;0.175845;166052
CIX100;02.08.2021;0.17528;0.188856;0.169991;0.173659;0.173659;13388
CIX100;03.08.2021;0.173654;0.176614;0.160078;0.163676;0.163676;15747
CIX100;04.08.2021;0.16368;0.172539;0.151131;0.155412;0.155412;24178
CIX100;05.08.2021;0.155415;0.158406;0.148806;0.151421;0.151421;16241
CIX100;06.08.2021;0.151425;0.169974;0.150021;0.165807;0.165807;16751
CIX100;07.08.2021;0.166474;0.170623;0.15205;0.153757;0.153757;174252
CIX100;08.08.2021;0.153739;0.188107;0.151062;0.167115;0.167115;50524
CIX100;09.08.2021;0.167132;0.1706;0.150056;0.16001;0.16001;45869
CIX100;10.08.2021;0.160014;0.172041;0.158044;0.17122;0.17122;21213
CIX100;11.08.2021;0.170234;0.193054;0.165334;0.175109;0.175109;46872
CIX100;12.08.2021;0.175114;0.180231;0.159745;0.16005;0.16005;23048
CIX100;13.08.2021;0.160047;0.187953;0.160001;0.177771;0.177771;29596
CIX100;14.08.2021;0.177786;0.184321;0.165247;0.172766;0.172766;45787
CIX100;15.08.2021;0.172741;0.240223;0.172735;0.207279;0.207279;174529
CIX100;16.08.2021;0.207283;0.218648;0.20007;0.204271;0.204271;39350
CIX100;17.08.2021;0.204279;0.209086;0.18342;0.186939;0.186939;16123
CIX100;18.08.2021;0.186941;0.199004;0.181113;0.185889;0.185889;15752
CIX100;19.08.2021;0.185868;0.187751;0.15436;0.162872;0.162872;48228
CIX100;20.08.2021;0.162884;0.169798;0.160034;0.163727;0.163727;260112
CIX100;21.08.2021;0.16401;0.187945;0.160919;0.187594;0.187594;1108689
CIX100;22.08.2021;0.187663;0.197233;0.179495;0.193007;0.193007;894109
CIX100;23.08.2021;0.19307;0.222217;0.178034;0.188531;0.188531;697974
CIX100;24.08.2021;0.189422;0.190359;0.165939;0.17502;0.17502;401298
CIX100;25.08.2021;0.174946;0.230042;0.17494;0.191711;0.191711;682957
CIX100;26.08.2021;0.191919;0.19327;0.170072;0.173939;0.173939;461306
CIX100;27.08.2021;0.173945;0.185057;0.173198;0.179899;0.179899;286906
CIX100;28.08.2021;0.179884;0.185013;0.174002;0.179959;0.179959;541380
CIX100;29.08.2021;0.179542;0.184274;0.16792;0.171287;0.171287;604541
CIX100;30.08.2021;0.171285;0.179872;0.166767;0.171339;0.171339;566046
CIX100;31.08.2021;0.170967;0.180048;0.169141;0.172318;0.172318;554273
CIX100;01.09.2021;0.172521;0.172769;0.165073;0.169853;0.169853;590038
CIX100;02.09.2021;0.169434;0.179921;0.163265;0.177404;0.177404;478531
CIX100;03.09.2021;0.17682;0.180379;0.16819;0.17315;0.17315;588816
CIX100;04.09.2021;0.173268;0.177149;0.168127;0.169513;0.169513;567705
CIX100;05.09.2021;0.170185;0.177042;0.168433;0.169702;0.169702;483367
CIX100;06.09.2021;0.169584;0.201159;0.164074;0.176392;0.176392;527823
CIX100;07.09.2021;0.176307;0.197909;0.165785;0.171315;0.171315;605978
CIX100;08.09.2021;0.171434;0.176404;0.161922;0.169381;0.169381;564239
CIX100;09.09.2021;0.166946;0.174882;0.163853;0.167136;0.167136;441966
CIX100;10.09.2021;0.168155;0.175038;0.151836;0.152259;0.152259;311342
CIX100;11.09.2021;0.152269;0.200056;0.151584;0.157076;0.157076;503905
CIX100;12.09.2021;0.156533;0.174817;0.155719;0.158392;0.158392;577006
CIX100;13.09.2021;0.158402;0.222278;0.154205;0.180774;0.180774;829335
CIX100;14.09.2021;0.180963;0.180963;0.158563;0.166163;0.166163;723356
CIX100;15.09.2021;0.16618;0.170655;0.160592;0.161453;0.161453;511749
CIX100;16.09.2021;0.161684;0.166511;0.15936;0.162335;0.162335;564806
CIX100;17.09.2021;0.162353;0.164995;0.159014;0.161958;0.161958;363968
CIX100;18.09.2021;0.161959;0.169314;0.160914;0.165348;0.165348;267407
CIX100;19.09.2021;0.165343;0.167983;0.160096;0.160353;0.160353;287503
CIX100;20.09.2021;0.160371;0.163846;0.139996;0.142317;0.142317;266853
CIX100;21.09.2021;0.142488;0.159717;0.14088;0.144667;0.144667;284524
CIX100;22.09.2021;0.144663;0.150726;0.141668;0.148516;0.148516;328982
CIX100;23.09.2021;0.148516;0.158526;0.146024;0.148331;0.148331;260164
CIX100;24.09.2021;0.147585;0.152729;0.142109;0.150086;0.150086;275806
CIX100;25.09.2021;0.151004;0.151608;0.142099;0.142179;0.142179;234318
CIX100;26.09.2021;0.14218;0.14759;0.141069;0.142147;0.142147;203276
CIX100;27.09.2021;0.142223;0.144157;0.139373;0.140362;0.140362;260707
CIX100;28.09.2021;0.140362;0.142075;0.137067;0.138113;0.138113;263196
CIX100;29.09.2021;0.138101;0.14831;0.137037;0.142765;0.142765;256756
CIX100;30.09.2021;0.14324;0.144034;0.137973;0.139774;0.139774;358086
CIX100;01.10.2021;0.139772;0.143259;0.137778;0.140594;0.140594;340396
CIX100;02.10.2021;0.140605;0.143354;0.137135;0.141741;0.141741;275800
CIX100;03.10.2021;0.14074;0.142946;0.137012;0.139555;0.139555;282868
CIX100;04.10.2021;0.139548;0.146107;0.137054;0.139163;0.139163;278489
CIX100;05.10.2021;0.139157;0.143906;0;0.140346;0.140346;253122
CIX100;06.10.2021;0.140342;0.141342;0.1337;0.135327;0.135327;279481
CIX100;07.10.2021;0.135313;0.137314;0.131346;0.132076;0.132076;283837
CIX100;08.10.2021;0.132079;0.146469;0.130021;0.146469;0.146469;307657
CIX100;09.10.2021;0.147377;0.175027;0.135211;0.148833;0.148833;311340
CIX100;10.10.2021;0.148817;0.158481;0.143047;0.146084;0.146084;278322
CIX100;11.10.2021;0.146259;0.146915;0.137034;0.138506;0.138506;238292
CIX100;12.10.2021;0.138496;0.141056;0.13565;0.135777;0.135777;287675
CIX100;13.10.2021;0.135793;0.140573;0.135696;0.140429;0.140429;274294
CIX100;14.10.2021;0.140074;0.141068;0.138786;0.140986;0.140986;53516
CIX100;15.10.2021;0.140985;0.149232;0.136342;0.13963;0.13963;11091
CIX100;16.10.2021;0.139629;0.142486;0.132316;0.139679;0.139679;7432
CIX100;17.10.2021;0.139676;0.154964;0.133675;0.140719;0.140719;21178
CIX100;18.10.2021;0.140479;0.150006;0.136812;0.147267;0.147267;148157
CIX100;19.10.2021;0.147663;0.157523;0.142061;0.152186;0.152186;275809
CIX100;20.10.2021;0.152078;0.183862;0.146114;0.163568;0.163568;327828
CIX100;21.10.2021;0.16358;0.678878;0.158072;0.477361;0.477361;14105908
CIX100;22.10.2021;0.479211;0.510105;0.263105;0.303879;0.303879;3292541
CIX100;23.10.2021;0.304463;0.443476;0.27617;0.308264;0.308264;2987416
CIX100;24.10.2021;0.309234;0.323882;0.251057;0.271758;0.271758;829478
CIX100;25.10.2021;0.271741;0.316153;0.249959;0.253361;0.253361;763805
CIX100;26.10.2021;0.254001;0.259811;0.224018;0.227154;0.227154;489755
CIX100;27.10.2021;0.227052;0.230558;0.176944;0.179059;0.179059;252822
CIX100;28.10.2021;0.179052;0.208777;0.179012;0.196734;0.196734;284892
CIX100;29.10.2021;0.198636;0.269024;0.181919;0.198336;0.198336;497351
CIX100;30.10.2021;0.19834;0.219971;0.185853;0.186562;0.186562;263709
CIX100;31.10.2021;0.186577;0.214661;0.182404;0.193982;0.193982;209805
CIX100;01.11.2021;0.193973;0.250222;0.188885;0.222797;0.222797;614885
CIX100;02.11.2021;0.222775;0.370888;0.207559;0.22678;0.22678;1744465
CIX100;03.11.2021;0.227986;0.269124;0.224146;0.226359;0.226359;569602
CIX100;04.11.2021;0.227174;0.227467;0.200195;0.201309;0.201309;214299
CIX100;05.11.2021;0.201292;0.232735;0.201292;0.218227;0.218227;213132
CIX100;06.11.2021;0.218228;0.247534;0.202073;0.234899;0.234899;231792
CIX100;07.11.2021;0.234941;0.246723;0.208883;0.22013;0.22013;242317
CIX100;08.11.2021;0.220133;0.226374;0.205202;0.216902;0.216902;201349
CIX100;09.11.2021;0.216676;0.370133;0.208334;0.294927;0.294927;2794218
CIX100;10.11.2021;0.29796;0.388414;0.251804;0.257698;0.257698;2322737
CIX100;11.11.2021;0.257685;0.318124;0.249704;0.261247;0.261247;701003
CIX100;12.11.2021;0.261138;0.277267;0.240416;0.245048;0.245048;299604
CIX100;13.11.2021;0.245348;0.279396;0.240125;0.267395;0.267395;331509
CIX100;14.11.2021;0.268626;0.311783;0.262755;0.29066;0.29066;527813
CIX100;15.11.2021;0.290717;0.290727;0.250888;0.263159;0.263159;270170
CIX100;16.11.2021;0.2603;0.261967;0.230116;0.230632;0.230632;154107
CIX100;17.11.2021;0.230595;0.241179;0.222233;0.237903;0.237903;238504
CIX100;18.11.2021;0.237505;0.242172;0.208472;0.213697;0.213697;215656
CIX100;19.11.2021;0.213673;0.229182;0.203385;0.215786;0.215786;236968
CIX100;20.11.2021;0.216137;0.27791;0.215519;0.242614;0.242614;790578
CIX100;21.11.2021;0.242768;0.261923;0.230139;0.230939;0.230939;494087
CIX100;22.11.2021;0.230851;0.240112;0.213533;0.231035;0.231035;388289
CIX100;23.11.2021;0.231024;0.245376;0.218816;0.226448;0.226448;862530
CIX100;24.11.2021;0.226428;0.236331;0.211638;0.223614;0.223614;866631
CIX100;25.11.2021;0.216944;0.244892;0.215215;0.217413;0.217413;614441
CIX100;26.11.2021;0.22423;0.243254;0.205774;0.216669;0.216669;1018875
CIX100;27.11.2021;0.215869;0.242163;0.207765;0.229693;0.229693;951151
CIX100;28.11.2021;0.228581;0.269895;0.225622;0.239656;0.239656;956096
CIX100;29.11.2021;0.23913;0.264587;0.231095;0.237105;0.237105;897233
CIX100;30.11.2021;0.237135;0.237467;0.219018;0.227769;0.227769;679998
CIX100;01.12.2021;0.227765;0.253842;0.220235;0.235783;0.235783;912200
CIX100;02.12.2021;0.23637;0.236456;0.212527;0.21829;0.21829;361941
CIX100;03.12.2021;0.218488;0.233547;0.203748;0.212322;0.212322;1092138
CIX100;04.12.2021;0.212541;0.212541;0.168246;0.170934;0.170934;188979
CIX100;05.12.2021;0.170921;0.172571;0.154414;0.165512;0.165512;552428
CIX100;06.12.2021;0.165614;0.167993;0.1192;0.152043;0.152043;958748
CIX100;07.12.2021;0.152157;0.183892;0.145459;0.17822;0.17822;1785403
CIX100;08.12.2021;0.177833;0.181305;0.151188;0.158234;0.158234;1193302
CIX100;09.12.2021;0.15792;0.162933;0.148068;0.150115;0.150115;1431098
CIX100;10.12.2021;0.150162;0.154548;0.145665;0.146319;0.146319;1264819
CIX100;11.12.2021;0.146184;0.15387;0.145208;0.14899;0.14899;1169003
CIX100;12.12.2021;0.148693;0.157213;0.147596;0.153267;0.153267;1415800
CIX100;13.12.2021;0.153351;0.155044;0.136005;0.136788;0.136788;1212334
CIX100;14.12.2021;0.136788;0.138261;0.130889;0.131649;0.131649;1125483
CIX100;15.12.2021;0.137473;0.141866;0.125388;0.131784;0.131784;1115853
CIX100;16.12.2021;0.131813;0.143066;0.130859;0.132115;0.132115;1122252
CIX100;17.12.2021;0.132374;0.144668;0.127328;0.137746;0.137746;1217957
CIX100;18.12.2021;0.137775;0.139881;0.131179;0.135092;0.135092;1280923
CIX100;19.12.2021;0.134905;0.13791;0.131749;0.132401;0.132401;1123218
CIX100;20.12.2021;0.132358;0.143637;0.128495;0.131585;0.131585;1113068
CIX100;21.12.2021;0.131674;0.139851;0.130438;0.138609;0.138609;1403305
CIX100;22.12.2021;0.138715;0.256639;0.138341;0.164876;0.164876;3216325
CIX100;23.12.2021;0.164565;0.1886;0.162481;0.174346;0.174346;2615982
CIX100;24.12.2021;0.174588;0.174699;0.165748;0.166728;0.166728;2441858
CIX100;25.12.2021;0.16677;0.167;0.154674;0.155249;0.155249;2309573
CIX100;26.12.2021;0.155188;0.173834;0.15344;0.160584;0.160584;1949719
CIX100;27.12.2021;0.160182;0.172058;0.158167;0.164023;0.164023;1969064
CIX100;28.12.2021;0.163701;0.165807;0.144783;0.147163;0.147163;2067713
CIX100;29.12.2021;0.146921;0.167269;0.145064;0.153846;0.153846;2946453
CIX100;30.12.2021;0.154075;0.154283;0.143017;0.146312;0.146312;1975429
CIX100;31.12.2021;0.146061;0.151436;0.140838;0.141967;0.141967;1196517
CIX100;01.01.2022;0.141613;0.154058;0.141613;0.145042;0.145042;1098216
CIX100;02.01.2022;0.144671;0.148578;0.143676;0.144847;0.144847;1029011
CIX100;03.01.2022;0.144916;0.157023;0.142294;0.148194;0.148194;1187940
CIX100;04.01.2022;0.147794;0.172296;0.146557;0.150201;0.150201;1334580
CIX100;05.01.2022;0.150211;0.151004;0.135933;0.141417;0.141417;1121529
CIX100;06.01.2022;0.140727;0.141498;0.13029;0.135336;0.135336;826954
CIX100;07.01.2022;0.135358;0.135611;0.128383;0.133144;0.133144;785500
CIX100;08.01.2022;0.133175;0.136191;0.12434;0.125372;0.125372;734279
CIX100;09.01.2022;0.125602;0.132312;0.123897;0.127113;0.127113;721393
CIX100;10.01.2022;0.126752;0.146275;0.123622;0.127633;0.127633;1546547
CIX100;11.01.2022;0.127913;0.135366;0.127198;0.130007;0.130007;2126162
CIX100;12.01.2022;0.129848;0.14505;0.12421;0.13976;0.13976;2042854
CIX100;13.01.2022;0.13938;0.143274;0.127253;0.139476;0.139476;1353913
CIX100;14.01.2022;0.139447;0.17874;0.125143;0.130917;0.130917;386757
CIX100;15.01.2022;0.130919;0.138265;0.127057;0.134526;0.134526;107320
CIX100;16.01.2022;0.134538;0.13613;0.128766;0.131565;0.131565;52852
CIX100;17.01.2022;0.131567;0.132917;0.123559;0.127637;0.127637;53459
CIX100;18.01.2022;0.127635;0.127635;0.123047;0.124502;0.124502;29226
CIX100;19.01.2022;0.124501;0.126244;0.121177;0.12311;0.12311;15755
CIX100;20.01.2022;0.123109;0.127559;0.122321;0.123102;0.123102;21791
CIX100;21.01.2022;0.123101;0.125813;0.094419;0.098787;0.098787;38638
CIX100;22.01.2022;0.098798;0.102481;0.069824;0.076082;0.076082;32185
CIX100;23.01.2022;0.076082;0.086399;0.070612;0.074947;0.074947;24582
CIX100;24.01.2022;0.074947;0.076823;0.064062;0.072762;0.072762;17765
CIX100;25.01.2022;0.072762;0.138068;0.070213;0.084141;0.084141;303723
CIX100;26.01.2022;0.08414;0.107776;0.08106;0.087725;0.087725;177765
CIX100;27.01.2022;0.087725;0.091548;0.086018;0.090121;0.090121;14804
CIX100;28.01.2022;0.090121;0.094024;0.08882;0.091732;0.091732;10855
CIX100;29.01.2022;0.091731;0.09424;0.089623;0.092253;0.092253;20351
CIX100;30.01.2022;0.092262;0.134631;0.092257;0.097223;0.097223;268064
CIX100;31.01.2022;0.097223;0.117256;0.093692;0.104301;0.104301;66613
CIX100;01.02.2022;0.104303;0.111461;0.098436;0.099983;0.099983;70329
CIX100;02.02.2022;0.099983;0.115973;0.094464;0.097677;0.097677;1279270
CIX100;03.02.2022;0.097607;0.097635;0.092015;0.097147;0.097147;1686691
CIX100;04.02.2022;0.097138;0.117622;0.093707;0.110602;0.110602;1900402
CIX100;05.02.2022;0.110772;0.1117;0.106534;0.108905;0.108905;1598705
CIX100;06.02.2022;0.108664;0.151846;0.107959;0.142667;0.142667;2735508
CIX100;07.02.2022;0.142797;0.154633;0.131504;0.133044;0.133044;2304318
CIX100;08.02.2022;0.133014;0.133746;0.116093;0.121525;0.121525;2055309
CIX100;09.02.2022;0.121213;0.145962;0.1188;0.126774;0.126774;1954684
CIX100;10.02.2022;0.126933;0.143686;0.118308;0.13805;0.13805;2538078
CIX100;11.02.2022;0.137791;0.143132;0.115901;0.116714;0.116714;2389147
CIX100;12.02.2022;0.117154;0.121556;0.112618;0.11601;0.11601;2247966
CIX100;13.02.2022;0.115969;0.153114;0.11357;0.13194;0.13194;2451462
CIX100;14.02.2022;0.131768;0.132983;0.122575;0.125424;0.125424;1980827
CIX100;15.02.2022;0.125434;0.139893;0.125434;0.130206;0.130206;1936797
CIX100;16.02.2022;0.131509;0.135086;0.123096;0.127601;0.127601;2059197
CIX100;17.02.2022;0.127421;0.131445;0.120108;0.120212;0.120212;1769699
CIX100;18.02.2022;0.120541;0.122566;0.116138;0.117245;0.117245;1815482
CIX100;19.02.2022;0.117554;0.11957;0.11614;0.117798;0.117798;1424385
CIX100;20.02.2022;0.117579;0.121439;0.113057;0.114357;0.114357;1516034
CIX100;21.02.2022;0.114416;0.119656;0.108931;0.109305;0.109305;1320648
CIX100;22.02.2022;0.1095;0.109795;0.099209;0.100711;0.100711;1168318
CIX100;23.02.2022;0.100391;0.10773;0.099647;0.102551;0.102551;1074695
CIX100;24.02.2022;0.1024;0.105742;0.095231;0.098323;0.098323;1206049
CIX100;25.02.2022;0.098533;0.103977;0.095675;0.100468;0.100468;999080
CIX100;26.02.2022;0.100649;0.103035;0.098479;0.10064;0.10064;1542786
CIX100;27.02.2022;0.10049;0.118572;0.099005;0.104821;0.104821;2004805
CIX100;28.02.2022;0.104823;0.114081;0.103216;0.110599;0.110599;1667547
CIX100;01.03.2022;0.11068;0.119683;0.108084;0.112671;0.112671;1518264
CIX100;02.03.2022;0.112691;0.116807;0.107924;0.112242;0.112242;999069
CIX100;03.03.2022;0.112243;0.112757;0.106673;0.107892;0.107892;76448
CIX100;04.03.2022;0.107892;0.124502;0.106314;0.111522;0.111522;183834
CIX100;05.03.2022;0.111022;0.120502;0.107086;0.118543;0.118543;106888
CIX100;06.03.2022;0.118542;0.118693;0.107544;0.107556;0.107556;26980
CIX100;07.03.2022;0.107557;0.11258;0.086006;0.089221;0.089221;82312
CIX100;08.03.2022;0.089218;0.097402;0.08647;0.087765;0.087765;257445
CIX100;09.03.2022;0.087765;0.097407;0.084707;0.097139;0.097139;2219848
CIX100;10.03.2022;0.096798;0.097406;0.084879;0.08844;0.08844;1540516
CIX100;11.03.2022;0.088441;0.089048;0.083326;0.083417;0.083417;24351
CIX100;12.03.2022;0.083418;0.087466;0.080897;0.085057;0.085057;36726
CIX100;13.03.2022;0.085505;0.087481;0.080891;0.082106;0.082106;40047
CIX100;14.03.2022;0.082106;0.083471;0.081212;0.083398;0.083398;8855
CIX100;15.03.2022;0.083398;0.08426;0.081295;0.081297;0.081297;11108
CIX100;16.03.2022;0.081297;0.086641;0.081285;0.085537;0.085537;12519
CIX100;17.03.2022;0.085537;0.086949;0.082288;0.084452;0.084452;21537
CIX100;18.03.2022;0.084451;0.095344;0.084041;0.094125;0.094125;95638
CIX100;19.03.2022;0.094126;0.094555;0.085513;0.086734;0.086734;66826
CIX100;20.03.2022;0.086734;0.087912;0.084189;0.085236;0.085236;12068
CIX100;21.03.2022;0.085236;0.088811;0.084257;0.08748;0.08748;20463
CIX100;22.03.2022;0.087481;0.089715;0.085823;0.08898;0.08898;21930
CIX100;23.03.2022;0.088981;0.090929;0.086085;0.087036;0.087036;41824
CIX100;24.03.2022;0.087039;0.097911;0.086437;0.091635;0.091635;1627313
CIX100;25.03.2022;0.091735;0.094923;0.089761;0.092067;0.092067;2324958
CIX100;26.03.2022;0.092079;0.093689;0.086041;0.091503;0.091503;1741346
CIX100;27.03.2022;0.091723;0.091723;0.087764;0.087883;0.087883;1720685
CIX100;28.03.2022;0.087942;0.102003;0.087221;0.09808;0.09808;2254009
CIX100;29.03.2022;0.09795;0.099763;0.090486;0.090781;0.090781;2440308
CIX100;30.03.2022;0.090849;0.105723;0.090562;0.093886;0.093886;1946188
CIX100;31.03.2022;0.093886;0.102234;0.093223;0.09766;0.09766;65531
CIX100;01.04.2022;0.09718;0.101352;0.093389;0.099936;0.099936;31195
CIX100;02.04.2022;0.099937;0.1023;0.09304;0.093042;0.093042;38068
CIX100;03.04.2022;0.093042;0.094234;0.087492;0.093526;0.093526;49103
CIX100;04.04.2022;0.093526;0.094135;0.088544;0.090521;0.090521;74746
CIX100;05.04.2022;0.09052;0.094964;0.09;0.091398;0.091398;33451
CIX100;06.04.2022;0.091438;0.092322;0.085182;0.088474;0.088474;1283922
CIX100;07.04.2022;0.088383;0.089431;0.082756;0.084232;0.084232;1925844
CIX100;08.04.2022;0.084142;0.085775;0.078818;0.078953;0.078953;1808431
CIX100;09.04.2022;0.079242;0.083869;0.077919;0.08159;0.08159;1718107
CIX100;10.04.2022;0.081469;0.098004;0.081312;0.081574;0.081574;1736374
CIX100;11.04.2022;0.081774;0.082222;0.065734;0.065803;0.065803;1079390
CIX100;12.04.2022;0.065883;0.074893;0.065817;0.06951;0.06951;31138
CIX100;13.04.2022;0.069511;0.074659;0.065226;0.074;0.074;43168
CIX100;14.04.2022;0.074;0.076773;0.06844;0.069959;0.069959;16873
CIX100;15.04.2022;0.069958;0.071886;0.066922;0.067596;0.067596;16838
CIX100;16.04.2022;0.067596;0.074416;0.067596;0.06879;0.06879;12991
CIX100;17.04.2022;0.06879;0.07147;0.065799;0.067531;0.067531;6184
CIX100;18.04.2022;0.067602;0.068908;0.064488;0.068205;0.068205;17281
CIX100;19.04.2022;0.068205;0.068909;0.062014;0.064932;0.064932;22726
CIX100;20.04.2022;0.064933;0.067776;0.064223;0.065223;0.065223;8313
CIX100;21.04.2022;0.065223;0.082887;0.064869;0.06582;0.06582;140612
CIX100;22.04.2022;0.065819;0.066767;0.061418;0.061915;0.061915;18805
CIX100;23.04.2022;0.061914;0.064761;0.05914;0.061084;0.061084;13512
CIX100;24.04.2022;0.061083;0.06266;0.054464;0.056479;0.056479;23450
CIX100;25.04.2022;0.056259;0.056464;0.049641;0.051888;0.051888;25313
CIX100;26.04.2022;0.051887;0.062769;0.049366;0.049974;0.049974;38158
CIX100;27.04.2022;0.049973;0.051159;0.046003;0.048117;0.048117;12522
CIX100;28.04.2022;0.048117;0.050791;0.045879;0.048499;0.048499;9308
CIX100;29.04.2022;0.0485;0.050263;0.042522;0.042821;0.042821;5687
CIX100;30.04.2022;0.04282;0.043456;0.039173;0.039236;0.039236;7770
CIX100;01.05.2022;0.039236;0.059981;0.037194;0.038144;0.038144;128479
CIX100;02.05.2022;0.038144;0.042545;0.037647;0.038318;0.038318;29261
CIX100;03.05.2022;0.038318;0.114631;0.037908;0.076823;0.076823;512389
CIX100;04.05.2022;0.076612;0.228989;0.069781;0.128105;0.128105;5536277
CIX100;05.05.2022;0.127605;0.136615;0.081334;0.095499;0.095499;826687
CIX100;06.05.2022;0.095499;0.170016;0.081934;0.109648;0.109648;1807390
CIX100;07.05.2022;0.108497;0.136708;0.089328;0.102192;0.102192;1239481
CIX100;08.05.2022;0.102192;0.127001;0.090969;0.092357;0.092357;461792
CIX100;09.05.2022;0.092388;0.108402;0.064343;0.068934;0.068934;204416
CIX100;10.05.2022;0.068996;0.100994;0.060497;0.076174;0.076174;409568
CIX100;11.05.2022;0.076174;0.083995;0.034243;0.03872;0.03872;135624
CIX100;12.05.2022;0.03872;0.051085;0.022912;0.023224;0.023224;60409
CIX100;13.05.2022;0.023452;0.081044;0.022095;0.055552;0.055552;467182
CIX100;14.05.2022;0.055552;0.064129;0.036929;0.044606;0.044606;197171
CIX100;15.05.2022;0.044745;0.056135;0.041914;0.051802;0.051802;134481
CIX100;16.05.2022;0.050054;0.05108;0.044945;0.04875;0.04875;115503
CIX100;17.05.2022;0.04875;0.079916;0.048169;0.05502;0.05502;405792
CIX100;18.05.2022;0.05502;0.059896;0.049107;0.050539;0.050539;103108
CIX100;19.05.2022;0.050539;0.057763;0.049855;0.055273;0.055273;133334
CIX100;20.05.2022;0.055272;0.056537;0.047838;0.049461;0.049461;94450
CIX100;21.05.2022;0.049465;0.124665;0.049463;0.064322;0.064322;844371
CIX100;22.05.2022;0.063493;0.082942;0.054731;0.062681;0.062681;521850
CIX100;23.05.2022;0.062681;0.069428;0.058345;0.059226;0.059226;142267
CIX100;24.05.2022;0.059224;0.06472;0.057545;0.062344;0.062344;65596
CIX100;25.05.2022;0.062343;0.064914;0.059756;0.062915;0.062915;47967
CIX100;26.05.2022;0.062915;0.074039;0.061538;0.06432;0.06432;269296
CIX100;27.05.2022;0.064319;0.069077;0.060545;0.063737;0.063737;100473
CIX100;28.05.2022;0.063657;0.066681;0.061632;0.063137;0.063137;66210
CIX100;29.05.2022;0.063087;0.063378;0.059742;0.062708;0.062708;63448
CIX100;30.05.2022;0.062709;0.065637;0.060593;0.06389;0.06389;86136
CIX100;31.05.2022;0.06389;0.064261;0.056728;0.060123;0.060123;100682
CIX100;01.06.2022;0.060123;0.060632;0.057056;0.058756;0.058756;36597
CIX100;02.06.2022;0.058885;0.058927;0.05629;0.05832;0.05832;24424
CIX100;03.06.2022;0.058319;0.062959;0.056565;0.058212;0.058212;41698
CIX100;04.06.2022;0.057922;0.062306;0.057546;0.060099;0.060099;39498
CIX100;05.06.2022;0.060098;0.061457;0.057766;0.059938;0.059938;33306
CIX100;06.06.2022;0.059937;0.065755;0.05829;0.061807;0.061807;90236
CIX100;07.06.2022;0.061807;0.071661;0.058218;0.060275;0.060275;203253
CIX100;08.06.2022;0.060275;0.066357;0.058815;0.064322;0.064322;90505
CIX100;09.06.2022;0.064333;0.067856;0.057674;0.061018;0.061018;172196
CIX100;10.06.2022;0.06102;0.064668;0.059123;0.060191;0.060191;63359
CIX100;11.06.2022;0.060191;0.064691;0.051064;0.054297;0.054297;108531
CIX100;12.06.2022;0.054296;0.055314;0.051942;0.052911;0.052911;34757
CIX100;13.06.2022;0.052911;0.052911;0.041668;0.041821;0.041821;31271
CIX100;14.06.2022;0.041821;0.062574;0.040606;0.046631;0.046631;164025
CIX100;15.06.2022;0.04678;0.056702;0.043004;0.049947;0.049947;135731
CIX100;16.06.2022;0.049946;0.051079;0.046054;0.04641;0.04641;29271
CIX100;17.06.2022;0.046411;0.048808;0.04591;0.046116;0.046116;16993
CIX100;18.06.2022;0.046115;0.046115;0.040342;0.043632;0.043632;29303
CIX100;19.06.2022;0.043631;0.053118;0.040938;0.049559;0.049559;131165
CIX100;20.06.2022;0.049558;0.050949;0.042477;0.04824;0.04824;43370
CIX100;21.06.2022;0.04824;0.050018;0.045585;0.046838;0.046838;27378
CIX100;22.06.2022;0.046837;0.048434;0.045636;0.048017;0.048017;16110
CIX100;23.06.2022;0.048017;0.049783;0.045277;0.047686;0.047686;28763
CIX100;24.06.2022;0.047685;0.051646;0.046673;0.050316;0.050316;31700
CIX100;25.06.2022;0.050317;0.058481;0.048648;0.050917;0.050917;67221
CIX100;26.06.2022;0.050917;0.051413;0.048715;0.04901;0.04901;12787
CIX100;27.06.2022;0.049013;0.049977;0.045501;0.047777;0.047777;23649
CIX100;28.06.2022;0.047777;0.049156;0.046226;0.048024;0.048024;11344
CIX100;29.06.2022;0.048024;0.048489;0.04629;0.047157;0.047157;6531
CIX100;30.06.2022;0.047157;0.047375;0.045044;0.045656;0.045656;5034
CIX100;01.07.2022;0.045658;0.048573;0.045518;0.045518;0.045518;12753
CIX100;02.07.2022;0.045518;0.047075;0.044833;0.045932;0.045932;5664
CIX100;03.07.2022;0.045932;0.047506;0.045104;0.046517;0.046517;10339
CIX100;04.07.2022;0.046517;0.048278;0.044958;0.045779;0.045779;14356
CIX100;05.07.2022;0.04578;0.046358;0.043434;0.045698;0.045698;20595
CIX100;06.07.2022;0.045699;0.049399;0.040966;0.04444;0.04444;58042
CIX100;07.07.2022;0.044439;0.050982;0.041475;0.043836;0.043836;66940
CIX100;08.07.2022;0.043834;0.045608;0.043834;0.044634;0.044634;12358
CIX100;09.07.2022;0.044634;0.045956;0.044004;0.044599;0.044599;7857
CIX100;10.07.2022;0.044599;0.046485;0.04293;0.043807;0.043807;16160
CIX100;11.07.2022;0.043806;0.047465;0.043537;0.044376;0.044376;20051
CIX100;12.07.2022;0.044376;0.047146;0.042965;0.043861;0.043861;10186
CIX100;13.07.2022;0.043861;0.043861;0.041619;0.042744;0.042744;7396
CIX100;14.07.2022;0.042744;0.044127;0.042243;0.043574;0.043574;4835
CIX100;15.07.2022;0.043573;0.044734;0.041995;0.043347;0.043347;8112
CIX100;16.07.2022;0.043347;0.044892;0.04158;0.04273;0.04273;15399
CIX100;17.07.2022;0.042731;0.047976;0.040458;0.042189;0.042189;67839
CIX100;18.07.2022;0.042188;0.047625;0.042068;0.0432;0.0432;52166
CIX100;19.07.2022;0.043201;0.049005;0.0432;0.046364;0.046364;41795
CIX100;20.07.2022;0.046364;0.046364;0.043032;0.044323;0.044323;21262
CIX100;21.07.2022;0.044322;0.044526;0.042342;0.043513;0.043513;8992
CIX100;22.07.2022;0.043514;0.044374;0.041614;0.043262;0.043262;67979
CIX100;23.07.2022;0.043402;0.043422;0.041613;0.042242;0.042242;115865
CIX100;24.07.2022;0.042241;0.045761;0.041231;0.042581;0.042581;141552
CIX100;25.07.2022;0.042582;0.042743;0.040312;0.040403;0.040403;110888
CIX100;26.07.2022;0.040383;0.041483;0.038922;0.039282;0.039282;118147
CIX100;27.07.2022;0.039282;0.040468;0.037022;0.039731;0.039731;119616
CIX100;28.07.2022;0.039771;0.043068;0.037507;0.040568;0.040568;126144
CIX100;29.07.2022;0.040588;0.040761;0.038788;0.039552;0.039552;129048
CIX100;30.07.2022;0.039552;0.042351;0.038211;0.039821;0.039821;146740
CIX100;31.07.2022;0.039811;0.04301;0.038929;0.040043;0.040043;154266
CIX100;01.08.2022;0.039993;0.04131;0.038031;0.039548;0.039548;151812
CIX100;02.08.2022;0.039598;0.04241;0.038309;0.040686;0.040686;195861
CIX100;03.08.2022;0.040686;0.045011;0.038857;0.041989;0.041989;241972
CIX100;04.08.2022;0.042049;0.044938;0.038843;0.040345;0.040345;260797
CIX100;05.08.2022;0.040335;0.041525;0.039303;0.040522;0.040522;204460
CIX100;06.08.2022;0.040482;0.041805;0.039105;0.040875;0.040875;232905
CIX100;07.08.2022;0.040825;0.042646;0.039895;0.041896;0.041896;293840
CIX100;08.08.2022;0.041897;0.042326;0.040607;0.040967;0.040967;266017
CIX100;09.08.2022;0.040967;0.041578;0.039227;0.039398;0.039398;289304
CIX100;10.08.2022;0.039398;0.039817;0.03932;0.03949;0.03949;263452
CIX100;11.08.2022;0.03949;0.039818;0.039397;0.039436;0.039436;262346
CIX100;12.08.2022;0.039436;0.039566;0.039373;0.039413;0.039413;160830
CIX100;13.08.2022;0.039413;0.039538;0.039353;0.039415;0.039415;283622
CIX100;14.08.2022;0.039414;0.040014;0.037191;0.03729;0.03729;293194
CIX100;15.08.2022;0.03733;0.039051;0.037091;0.037627;0.037627;323082
CIX100;16.08.2022;0.037626;0.037929;0.035202;0.035804;0.035804;285330
CIX100;17.08.2022;0.035804;0.037925;0.035732;0.036793;0.036793;324351
CIX100;18.08.2022;0.036793;0.070715;0.036793;0.0546;0.0546;2248971
CIX100;19.08.2022;0.0546;0.056509;0.044903;0.044993;0.044993;1213606
CIX100;20.08.2022;0.044992;0.046465;0.03942;0.043059;0.043059;526173
CIX100;21.08.2022;0.043059;0.050002;0.040961;0.04263;0.04263;904935
CIX100;22.08.2022;0.04262;0.043143;0.040077;0.040119;0.040119;790660
CIX100;23.08.2022;0.040099;0.046679;0.039816;0.04198;0.04198;852382
CIX100;24.08.2022;0.04197;0.043024;0.039481;0.039682;0.039682;751750
CIX100;25.08.2022;0.039681;0.041922;0.038901;0.038913;0.038913;429288
CIX100;26.08.2022;0.038913;0.039143;0.036742;0.036812;0.036812;23092
CIX100;27.08.2022;0.036812;0.039314;0.034562;0.036421;0.036421;20560
CIX100;28.08.2022;0.036421;0.045001;0.035629;0.038691;0.038691;475540
CIX100;29.08.2022;0.038692;0.040331;0.03802;0.039951;0.039951;491871
CIX100;30.08.2022;0.039952;0.040603;0.035602;0.037433;0.037433;246422
CIX100;31.08.2022;0.037433;0.037654;0.03501;0.036701;0.036701;196432
CIX100;01.09.2022;0.036701;0.040222;0.03542;0.03651;0.03651;701009
CIX100;02.09.2022;0.03672;0.058161;0.03536;0.038603;0.038603;1356328
CIX100;03.09.2022;0.038473;0.040593;0.036702;0.037353;0.037353;862939
CIX100;04.09.2022;0.037273;0.038322;0.036612;0.037402;0.037402;714571
CIX100;05.09.2022;0.037422;0.041021;0.035439;0.039141;0.039141;829892
CIX100;06.09.2022;0.039141;0.040862;0.03672;0.036832;0.036832;699103
CIX100;07.09.2022;0.03684;0.038504;0.035202;0.037184;0.037184;732491
CIX100;08.09.2022;0.037184;0.048004;0.036143;0.037984;0.037984;883627
CIX100;09.09.2022;0.037984;0.04001;0.03646;0.037889;0.037889;802744
CIX100;10.09.2022;0.037889;0.038634;0.036293;0.037681;0.037681;799404
CIX100;11.09.2022;0.037681;0.040412;0.037529;0.038131;0.038131;795418
CIX100;12.09.2022;0.038231;0.044967;0.03809;0.039098;0.039098;435710
CIX100;13.09.2022;0.039096;0.039468;0.036503;0.037421;0.037421;43724
CIX100;14.09.2022;0.037551;0.039044;0.036594;0.038165;0.038165;234907
CIX100;15.09.2022;0.038225;0.040615;0.03711;0.03842;0.03842;379215
CIX100;16.09.2022;0.03848;0.039901;0.036977;0.038509;0.038509;343166
CIX100;17.09.2022;0.038519;0.03999;0.037325;0.037674;0.037674;354571
CIX100;18.09.2022;0.037724;0.039893;0.036371;0.036601;0.036601;343754
CIX100;19.09.2022;0.0366;0.037952;0.036332;0.036974;0.036974;333997
CIX100;20.09.2022;0.036984;0.039423;0.036983;0.038062;0.038062;369185
CIX100;21.09.2022;0.038062;0.038465;0.036104;0.036483;0.036483;388548
CIX100;22.09.2022;0.036484;0.03818;0.036224;0.038099;0.038099;367169
CIX100;23.09.2022;0.0381;0.040911;0.03676;0.038129;0.038129;418145
CIX100;24.09.2022;0.038099;0.039752;0.037381;0.037702;0.037702;425882
CIX100;25.09.2022;0.037692;0.038994;0.037692;0.038372;0.038372;454741
CIX100;26.09.2022;0.038382;0.03937;0.038002;0.03869;0.03869;380811
CIX100;27.09.2022;0.038689;0.040619;0.037419;0.038759;0.038759;440822
CIX100;28.09.2022;0.038739;0.03902;0.037539;0.038399;0.038399;244418
CIX100;29.09.2022;0.03841;0.03841;0.036952;0.037703;0.037703;330432
CIX100;30.09.2022;0.037703;0.037813;0.036522;0.037442;0.037442;134727
CIX100;01.10.2022;0.037432;0.038742;0.037222;0.037922;0.037922;242749
CIX100;02.10.2022;0.037882;0.038821;0.037001;0.037282;0.037282;49896
CIX100;03.10.2022;0.037172;0.038421;0.037172;0.038143;0.038143;54556
CIX100;04.10.2022;0.038093;0.039406;0.036986;0.03819;0.03819;72586
CIX100;05.10.2022;0.0382;0.038577;0.037103;0.037644;0.037644;57091
CIX100;06.10.2022;0.037644;0.038185;0.037005;0.037115;0.037115;55871
CIX100;07.10.2022;0.037205;0.038045;0.036655;0.037365;0.037365;40990
CIX100;08.10.2022;0.037395;0.037865;0.036966;0.037563;0.037563;41753
CIX100;09.10.2022;0.037683;0.038243;0.037104;0.037846;0.037846;40199
CIX100;10.10.2022;0.037926;0.037926;0.037065;0.037431;0.037431;40115
CIX100;11.10.2022;0.03735;0.037758;0.036277;0.037656;0.037656;52378
CIX100;12.10.2022;0.037717;0.037788;0.035739;0.03592;0.03592;76784
CIX100;13.10.2022;0.035919;0.036642;0.03502;0.036463;0.036463;64100
CIX100;14.10.2022;0.036473;0.039933;0.036182;0.039003;0.039003;146394
CIX100;15.10.2022;0.039073;0.049083;0.036403;0.037123;0.037123;355804
CIX100;16.10.2022;0.037133;0.037703;0.035642;0.036502;0.036502;82960
CIX100;17.10.2022;0.036502;0.037914;0.036023;0.036973;0.036973;55782
CIX100;18.10.2022;0.036973;0.037623;0.036362;0.036964;0.036964;45241
CIX100;19.10.2022;0.036964;0.037164;0.036402;0.036482;0.036482;19141
CIX100;20.10.2022;0.036502;0.037271;0.036482;0.03664;0.03664;23515
CIX100;21.10.2022;0.03664;0.037103;0.036401;0.036985;0.036985;18879
CIX100;22.10.2022;0.036985;0.037923;0.036644;0.037023;0.037023;39182
CIX100;23.10.2022;0.037032;0.038866;0.037032;0.037323;0.037323;177478
CIX100;24.10.2022;0.037323;0.038704;0.037323;0.038022;0.038022;399528
CIX100;25.10.2022;0.037992;0.038662;0.037432;0.038208;0.038208;455333
CIX100;26.10.2022;0.038168;0.038915;0.037108;0.037838;0.037838;385818
CIX100;27.10.2022;0.037838;0.037838;0.036163;0.036623;0.036623;233886
CIX100;28.10.2022;0.036604;0.037415;0.036242;0.037165;0.037165;408797
CIX100;29.10.2022;0.037165;0.03751;0.036811;0.037488;0.037488;385487
CIX100;30.10.2022;0.037488;0.037809;0.036707;0.036757;0.036757;445304
CIX100;31.10.2022;0.036757;0.037134;0.036487;0.037118;0.037118;399768
CIX100;01.11.2022;0.037118;0.037435;0.036674;0.036927;0.036927;405061
CIX100;02.11.2022;0.036967;0.036977;0.035911;0.03631;0.03631;370290
CIX100;03.11.2022;0.036279;0.036801;0.03514;0.03515;0.03515;824717
CIX100;04.11.2022;0.03514;0.036783;0.03506;0.036543;0.036543;813366
CIX100;05.11.2022;0.036543;0.036925;0.035043;0.035954;0.035954;515132
CIX100;06.11.2022;0.035944;0.036301;0.03531;0.035843;0.035843;683195
CIX100;07.11.2022;0.035824;0.036245;0.035063;0.035063;0.035063;580374
CIX100;08.11.2022;0.035123;0.035286;0.026212;0.028161;0.028161;749539
CIX100;09.11.2022;0.028141;0.031314;0.024367;0.024406;0.024406;421667
CIX100;10.11.2022;0.024407;0.028025;0.022469;0.025305;0.025305;112323
CIX100;11.11.2022;0.025305;0.025307;0.023199;0.023658;0.023658;111364
CIX100;12.11.2022;0.023657;0.024767;0.022933;0.024646;0.024646;114945
CIX100;13.11.2022;0.024646;0.024664;0.022976;0.023091;0.023091;71112
CIX100;14.11.2022;0.023111;0.023243;0.018476;0.02072;0.02072;94244
CIX100;15.11.2022;0.02074;0.022719;0.020739;0.021841;0.021841;106531
CIX100;16.11.2022;0.021841;0.023992;0.021575;0.023981;0.023981;119818
CIX100;17.11.2022;0.023822;0.025055;0.020268;0.020768;0.020768;91822
CIX100;18.11.2022;0.020767;0.022385;0.020333;0.020823;0.020823;106471
CIX100;19.11.2022;0.020813;0.022201;0.020523;0.02175;0.02175;119208
CIX100;20.11.2022;0.02175;0.02207;0.0206;0.020879;0.020879;89669
CIX100;21.11.2022;0.020879;0.021116;0.018883;0.019033;0.019033;80831
CIX100;22.11.2022;0.019003;0.020324;0.01884;0.020043;0.020043;112090
CIX100;23.11.2022;0.020043;0.020044;0.019641;0.019854;0.019854;118631
CIX100;24.11.2022;0.019854;0.019987;0.019806;0.019868;0.019868;151459
CIX100;25.11.2022;0.019878;0.020051;0.019591;0.019872;0.019872;145008
CIX100;26.11.2022;0.019872;0.020211;0.019791;0.020011;0.020011;174421
CIX100;27.11.2022;0.020011;0.020271;0.019751;0.019952;0.019952;205459
CIX100;28.11.2022;0.019952;0.024832;0.019952;0.022083;0.022083;169728
CIX100;29.11.2022;0.022173;0.022173;0.020154;0.021275;0.021275;13396
CIX100;30.11.2022;0.021274;0.021385;0.015699;0.0187;0.0187;29268
CIX100;01.12.2022;0.018671;0.020161;0.01765;0.019211;0.019211;22086
CIX100;02.12.2022;0.019211;0.019802;0.018102;0.018581;0.018581;9156
CIX100;03.12.2022;0.018581;0.019611;0.018211;0.019051;0.019051;4726
CIX100;04.12.2022;0.019051;0.019563;0.017142;0.018762;0.018762;12550
CIX100;05.12.2022;0.018762;0.019483;0.018052;0.018241;0.018241;6214
CIX100;06.12.2022;0.018241;0.018581;0.017801;0.017981;0.017981;4322
CIX100;07.12.2022;0.017981;0.018911;0.01783;0.01834;0.01834;9227
CIX100;08.12.2022;0.01834;0.018491;0.017241;0.018072;0.018072;4782
CIX100;09.12.2022;0.018072;0.018692;0.017501;0.018391;0.018391;10159
CIX100;10.12.2022;0.018391;0.018391;0.015311;0.016671;0.016671;25766
CIX100;11.12.2022;0.016671;0.017501;0.016611;0.016891;0.016891;16891
CIX100;12.12.2022;0.016891;0.018783;0.016192;0.016832;0.016832;23387
CIX100;13.12.2022;0.016832;0.017231;0.016565;0.01701;0.01701;12419
CIX100;14.12.2022;0.01701;0.025002;0.01671;0.017942;0.017942;74435
CIX100;15.12.2022;0.017822;0.017822;0.016681;0.017001;0.017001;14504
CIX100;16.12.2022;0.017001;0.017231;0.016511;0.016753;0.016753;15472
CIX100;17.12.2022;0.016752;0.016952;0.016494;0.016883;0.016883;11415
CIX100;18.12.2022;0.016882;0.016963;0.016812;0.016883;0.016883;4348
CIX100;19.12.2022;0.016883;0.017122;0.016791;0.017031;0.017031;5436
CIX100;20.12.2022;0.017031;0.017063;0.016843;0.016932;0.016932;5869
CIX100;21.12.2022;0.016932;0.017501;0.016672;0.016981;0.016981;15174
CIX100;22.12.2022;0.016981;0.017561;0.016981;0.01722;0.01722;35480
CIX100;23.12.2022;0.01722;0.01745;0.0168;0.01703;0.01703;7625
CIX100;24.12.2022;0.01703;0.01723;0.01682;0.01693;0.01693;10532
CIX100;25.12.2022;0.01693;0.017299;0.016699;0.016929;0.016929;10224
CIX100;26.12.2022;0.016929;0.017019;0.016329;0.01638;0.01638;4841
CIX100;27.12.2022;0.016379;0.016978;0.016247;0.016727;0.016727;11652
CIX100;28.12.2022;0.016728;0.016848;0.016508;0.016705;0.016705;5037
CIX100;29.12.2022;0.016705;0.017315;0.016623;0.017055;0.017055;19771
CIX100;30.12.2022;0.017055;0.022454;0.015925;0.016494;0.016494;47672
CIX100;31.12.2022;0.016495;0.017265;0.016255;0.016565;0.016565;10934
CIX100;01.01.2023;0.016565;0.017144;0.016415;0.016505;0.016505;8829
CIX100;02.01.2023;0.016625;0.018246;0.016255;0.018096;0.018096;18384
CIX100;03.01.2023;0.018096;0.018096;0.016497;0.017706;0.017706;17299
CIX100;04.01.2023;0.017706;0.019685;0.016376;0.016496;0.016496;28591
CIX100;05.01.2023;0.016496;0.016738;0.016297;0.016515;0.016515;13959
CIX100;06.01.2023;0.016515;0.016515;0.016305;0.016356;0.016356;5731
CIX100;07.01.2023;0.016356;0.016618;0.016227;0.016478;0.016478;10744
CIX100;08.01.2023;0.016478;0.018979;0.016477;0.017379;0.017379;152891
CIX100;09.01.2023;0.017379;0.017679;0.017229;0.01743;0.01743;39689
CIX100;10.01.2023;0.01743;0.017981;0.01732;0.017572;0.017572;28249
CIX100;11.01.2023;0.017572;0.02578;0.017451;0.02337;0.02337;310260
CIX100;12.01.2023;0.024331;0.02563;0.02001;0.020512;0.020512;107463
CIX100;13.01.2023;0.020512;0.032374;0.019801;0.026466;0.026466;340511
CIX100;14.01.2023;0.026656;0.027545;0.021266;0.023104;0.023104;99590
CIX100;15.01.2023;0.023103;0.02456;0.021003;0.022979;0.022979;47163
CIX100;16.01.2023;0.022978;0.023479;0.020688;0.021793;0.021793;32772
CIX100;17.01.2023;0.021793;0.024556;0.020412;0.024002;0.024002;70550
CIX100;18.01.2023;0.024003;0.024004;0.0192;0.0194;0.0194;50588
CIX100;19.01.2023;0.0194;0.02082;0.01872;0.02024;0.02024;14254
CIX100;20.01.2023;0.02024;0.021992;0.019151;0.020904;0.020904;32214
CIX100;21.01.2023;0.020974;0.021645;0.019004;0.019314;0.019314;34478
CIX100;22.01.2023;0.019404;0.024775;0.019313;0.021005;0.021005;120372
CIX100;23.01.2023;0.021005;0.024984;0.019623;0.023785;0.023785;128380
CIX100;24.01.2023;0.023785;0.024493;0.020723;0.021423;0.021423;29599
CIX100;25.01.2023;0.021503;0.025903;0.021502;0.022844;0.022844;60540
CIX100;26.01.2023;0.022844;0.023454;0.021552;0.022392;0.022392;32075
CIX100;27.01.2023;0.022392;0.027134;0.021645;0.024795;0.024795;103615
CIX100;28.01.2023;0.024794;0.025926;0.023204;0.023575;0.023575;31649
CIX100;29.01.2023;0.023575;0.024796;0.021853;0.022302;0.022302;64705
CIX100;30.01.2023;0.022302;0.028404;0.022302;0.024912;0.024912;244758
CIX100;31.01.2023;0.024922;0.026403;0.024203;0.024703;0.024703;52824
CIX100;01.02.2023;0.024703;0.025495;0.022623;0.023872;0.023872;48659
CIX100;02.02.2023;0.023872;0.025366;0.023203;0.023203;0.023203;49120
CIX100;03.02.2023;0.023603;0.024124;0.022585;0.023883;0.023883;30701
CIX100;04.02.2023;0.023883;0.036343;0.023883;0.028463;0.028463;367466
CIX100;05.02.2023;0.028443;0.039108;0.025145;0.030466;0.030466;299383
CIX100;06.02.2023;0.030656;0.048427;0.029627;0.036964;0.036964;587706
CIX100;07.02.2023;0.036934;0.047804;0.036003;0.043083;0.043083;281147
CIX100;08.02.2023;0.043114;0.046054;0.038628;0.039305;0.039305;106594
CIX100;09.02.2023;0.039265;0.040125;0.034745;0.037336;0.037336;38100
CIX100;10.02.2023;0.037336;0.045452;0.036328;0.041566;0.041566;134676
CIX100;11.02.2023;0.041569;0.041666;0.039415;0.041357;0.041357;32679
CIX100;12.02.2023;0.041356;0.042146;0.039366;0.040799;0.040799;26937
CIX100;13.02.2023;0.040799;0.041065;0.034876;0.039287;0.039287;56947
CIX100;14.02.2023;0.039416;0.043764;0.035862;0.039246;0.039246;65063
CIX100;15.02.2023;0.039206;0.040467;0.037409;0.039619;0.039619;43672
CIX100;16.02.2023;0.039619;0.041319;0.037156;0.037556;0.037556;30928
CIX100;17.02.2023;0.037556;0.041118;0.036547;0.039989;0.039989;111772
CIX100;18.02.2023;0.039969;0.045888;0.039908;0.044948;0.044948;314763
CIX100;19.02.2023;0.044948;0.047902;0.04098;0.047091;0.047091;413515
CIX100;20.02.2023;0.047162;0.068561;0.037346;0.038167;0.038167;980985
CIX100;21.02.2023;0.037697;0.041678;0.037315;0.037875;0.037875;428018
CIX100;22.02.2023;0.037876;0.044006;0.029173;0.030243;0.030243;750802
CIX100;23.02.2023;0.030443;0.032645;0.030014;0.030254;0.030254;115563
CIX100;24.02.2023;0.030254;0.030565;0.027722;0.028322;0.028322;60239
CIX100;25.02.2023;0.028322;0.029003;0.026512;0.028374;0.028374;62956
CIX100;26.02.2023;0.028374;0.032095;0.027763;0.029943;0.029943;127660
CIX100;27.02.2023;0.029942;0.032295;0.028852;0.030825;0.030825;56658
CIX100;28.02.2023;0.030824;0.037916;0.028805;0.030325;0.030325;196574
CIX100;01.03.2023;0.030325;0.034039;0.030085;0.031124;0.031124;76999
CIX100;02.03.2023;0.031124;0.034544;0.029173;0.029843;0.029843;69624
CIX100;03.03.2023;0.029843;0.030643;0.026649;0.028633;0.028633;58569
CIX100;04.03.2023;0.028633;0.029674;0.027003;0.027883;0.027883;38799
CIX100;05.03.2023;0.027883;0.031113;0.027184;0.028313;0.028313;60064
CIX100;06.03.2023;0.028313;0.0305;0.027763;0.02969;0.02969;35328
CIX100;07.03.2023;0.029691;0.029691;0.02751;0.0276;0.0276;33524
CIX100;08.03.2023;0.0276;0.02787;0.023199;0.02387;0.02387;38084
CIX100;09.03.2023;0.02387;0.02493;0.020508;0.02168;0.02168;25880
CIX100;10.03.2023;0.02168;0.027002;0.01717;0.022589;0.022589;75351
CIX100;11.03.2023;0.022588;0.024967;0.021784;0.023484;0.023484;27684
CIX100;12.03.2023;0.02348;0.025297;0.023241;0.024975;0.024975;19610
CIX100;13.03.2023;0.024976;0.027274;0.020956;0.023379;0.023379;383256
CIX100;14.03.2023;0.023378;0.024063;0.021052;0.02155;0.02155;152198
CIX100;15.03.2023;0.02155;0.024964;0.020415;0.021802;0.021802;124403
CIX100;16.03.2023;0.021803;0.022497;0.02105;0.021457;0.021457;32604
CIX100;17.03.2023;0.021456;0.026228;0.020554;0.021043;0.021043;570769
CIX100;18.03.2023;0.021212;0.022538;0.020622;0.020991;0.020991;179917
CIX100;19.03.2023;0.020991;0.021149;0.019736;0.02036;0.02036;80120
CIX100;20.03.2023;0.02036;0.02049;0.018685;0.018685;0.018685;38634
CIX100;21.03.2023;0.018685;0.019518;0.018032;0.019395;0.019395;44225
CIX100;22.03.2023;0.019395;0.019509;0.017031;0.017031;0.017031;32994
CIX100;23.03.2023;0.01703;0.018043;0.016584;0.017989;0.017989;45503
CIX100;24.03.2023;0.01799;0.020342;0.017127;0.018074;0.018074;64000
CIX100;25.03.2023;0.018084;0.019371;0.017495;0.017624;0.017624;30620
CIX100;26.03.2023;0.017624;0.018559;0.017295;0.018464;0.018464;20635
CIX100;27.03.2023;0.018465;0.01936;0.017188;0.017924;0.017924;42759
CIX100;28.03.2023;0.017914;0.018643;0.017719;0.018016;0.018016;18411
CIX100;29.03.2023;0.018016;0.019249;0.017972;0.018712;0.018712;49348
CIX100;30.03.2023;0.018912;0.021979;0.017371;0.017783;0.017783;330262
CIX100;31.03.2023;0.017783;0.018325;0.017622;0.017796;0.017796;38009
CIX100;01.04.2023;0.017796;0.018483;0.017362;0.017614;0.017614;42584
CIX100;02.04.2023;0.018106;0.018106;0.017123;0.017124;0.017124;31471
CIX100;03.04.2023;0.017123;0.017268;0.016683;0.01686;0.01686;25627
CIX100;04.04.2023;0.01693;0.017306;0.016613;0.017065;0.017065;53033
CIX100;05.04.2023;0.017064;0.017821;0.016702;0.017421;0.017421;86375
CIX100;06.04.2023;0.017421;0.019304;0.017334;0.018018;0.018018;202319
CIX100;07.04.2023;0.018017;0.018227;0.016827;0.017122;0.017122;110970
CIX100;08.04.2023;0.017121;0.017851;0.016805;0.016938;0.016938;80787
CIX100;09.04.2023;0.016939;0.017256;0.016259;0.016757;0.016757;69787
CIX100;10.04.2023;0.016758;0.017278;0.015393;0.016359;0.016359;136003
CIX100;11.04.2023;0.01634;0.016734;0.015712;0.016324;0.016324;75295
CIX100;12.04.2023;0.016204;0.016497;0.015723;0.016473;0.016473;54872
CIX100;13.04.2023;0.016278;0.016858;0.015816;0.016327;0.016327;76177
CIX100;14.04.2023;0.016328;0.016919;0.015941;0.016705;0.016705;84974
CIX100;15.04.2023;0.016695;0.018556;0.016682;0.018035;0.018035;144509
CIX100;16.04.2023;0.018035;0.01853;0.017002;0.017599;0.017599;84278
CIX100;17.04.2023;0.017599;0.018109;0.016578;0.01672;0.01672;61122
CIX100;18.04.2023;0.016819;0.018188;0.016798;0.017587;0.017587;70649
CIX100;19.04.2023;0.017587;0.017846;0.016789;0.016966;0.016966;50074
CIX100;20.04.2023;0.016966;0.017036;0.01627;0.016632;0.016632;55351
CIX100;21.04.2023;0.016632;0.016652;0.015901;0.016052;0.016052;40186
CIX100;22.04.2023;0.016052;0.016083;0.014244;0.014612;0.014612;55300
CIX100;23.04.2023;0.014622;0.014916;0.014295;0.014579;0.014579;52662
CIX100;24.04.2023;0.01458;0.017611;0.014569;0.015102;0.015102;101237
CIX100;25.04.2023;0.015103;0.015323;0.01425;0.014351;0.014351;48273
CIX100;26.04.2023;0.014351;0.015734;0.012295;0.012515;0.012515;349534
CIX100;27.04.2023;0.012515;0.012985;0.012002;0.012012;0.012012;101068
CIX100;28.04.2023;0.012012;0.012165;0.010367;0.010408;0.010408;89729
CIX100;29.04.2023;0.010467;0.011699;0.010427;0.011699;0.011699;92451
