,Club_Name,Token_Name,Date,Open,High,Low,Close,Volume
0,Aston Villa Fan Token,AVL-USD,2021-11-24,1.808366,2.200478,1.804415,2.06026,192191.0
1,Aston Villa Fan Token,AVL-USD,2021-11-25,2.059888,2.232386,1.894371,2.067688,133126.0
2,Aston Villa Fan Token,AVL-USD,2021-11-26,2.157653,2.157653,1.779173,1.810835,88469.0
3,Aston Villa Fan Token,AVL-USD,2021-11-27,1.813029,1.936214,1.676365,1.788721,61409.0
4,Aston Villa Fan Token,AVL-USD,2021-11-28,1.796907,1.796907,1.62326,1.760382,4181.0
5,Aston Villa Fan Token,AVL-USD,2021-11-29,1.761564,4.015319,0.0,1.789572,96072.0
6,Aston Villa Fan Token,AVL-USD,2021-11-30,1.789108,1.911762,1.618291,1.711859,252977.0
7,Aston Villa Fan Token,AVL-USD,2021-12-01,1.709744,1.863705,1.571517,1.625179,250836.0
8,Aston Villa Fan Token,AVL-USD,2021-12-02,1.630199,1.703406,1.54634,1.639498,116603.0
9,Aston Villa Fan Token,AVL-USD,2021-12-03,1.63929,1.749033,1.462247,1.546333,49060.0
10,Aston Villa Fan Token,AVL-USD,2021-12-04,1.546189,1.597637,0.978971,1.396603,149425.0
11,Aston Villa Fan Token,AVL-USD,2021-12-05,1.396092,1.519778,1.220692,1.300087,68517.0
12,Aston Villa Fan Token,AVL-USD,2021-12-06,1.29912,1.403265,1.152633,1.345882,67274.0
13,Aston Villa Fan Token,AVL-USD,2021-12-07,1.344942,1.462108,1.305722,1.339083,69669.0
14,Aston Villa Fan Token,AVL-USD,2021-12-08,1.339253,1.388803,1.247993,1.379177,75404.0
15,Aston Villa Fan Token,AVL-USD,2021-12-09,1.376832,1.434695,1.242498,1.242498,51231.0
16,Aston Villa Fan Token,AVL-USD,2021-12-10,1.243625,1.352562,1.197587,1.210372,139175.0
17,Aston Villa Fan Token,AVL-USD,2021-12-11,1.207835,1.265504,1.173414,1.258655,69008.0
18,Aston Villa Fan Token,AVL-USD,2021-12-12,1.255729,1.334033,1.233075,1.311713,141056.0
19,Aston Villa Fan Token,AVL-USD,2021-12-13,1.312779,1.432658,1.161967,1.228776,163625.0
20,Aston Villa Fan Token,AVL-USD,2021-12-14,1.230115,1.349428,1.149466,1.303438,160718.0
21,Aston Villa Fan Token,AVL-USD,2021-12-15,1.303906,1.354723,1.21258,1.269402,114503.0
22,Aston Villa Fan Token,AVL-USD,2021-12-16,1.269773,1.726306,1.269773,1.409695,135532.0
23,Aston Villa Fan Token,AVL-USD,2021-12-17,1.413257,3.159136,1.313464,2.627079,213717.0
24,Aston Villa Fan Token,AVL-USD,2021-12-18,2.618458,2.973191,2.07561,2.165008,190972.0
25,Aston Villa Fan Token,AVL-USD,2021-12-19,2.16538,2.416006,2.06069,2.175565,160560.0
26,Aston Villa Fan Token,AVL-USD,2021-12-20,2.177976,2.453088,2.094175,2.292762,292311.0
27,Aston Villa Fan Token,AVL-USD,2021-12-21,2.294851,3.013839,2.270136,2.765888,290708.0
28,Aston Villa Fan Token,AVL-USD,2021-12-22,2.766558,3.024802,2.667572,2.787378,271689.0
29,Aston Villa Fan Token,AVL-USD,2021-12-23,2.788421,3.040657,2.713539,2.891711,215407.0
30,Aston Villa Fan Token,AVL-USD,2021-12-24,2.889559,3.099079,2.668586,2.67606,143623.0
31,Aston Villa Fan Token,AVL-USD,2021-12-25,2.67619,2.819936,2.652973,2.732215,177472.0
32,Aston Villa Fan Token,AVL-USD,2021-12-26,2.723687,2.85349,2.366988,2.781872,239869.0
33,Aston Villa Fan Token,AVL-USD,2021-12-27,2.784929,3.104,2.717642,2.810071,254721.0
34,Aston Villa Fan Token,AVL-USD,2021-12-28,2.801906,3.152018,2.523717,2.641987,312597.0
35,Aston Villa Fan Token,AVL-USD,2021-12-29,2.640046,3.173259,2.462456,2.467984,485604.0
36,Aston Villa Fan Token,AVL-USD,2021-12-30,2.463306,2.553753,2.080858,2.135366,249120.0
37,Aston Villa Fan Token,AVL-USD,2021-12-31,2.132693,2.423946,1.970824,2.292402,116487.0
38,Aston Villa Fan Token,AVL-USD,2022-01-01,2.292552,2.405638,2.272921,2.380009,15546.0
39,Aston Villa Fan Token,AVL-USD,2022-01-02,2.379778,2.533455,2.313494,2.457973,38090.0
40,Aston Villa Fan Token,AVL-USD,2022-01-03,2.457927,2.522445,2.248667,2.28692,41437.0
41,Aston Villa Fan Token,AVL-USD,2022-01-04,2.286714,2.418068,2.23106,2.292605,54671.0
42,Aston Villa Fan Token,AVL-USD,2022-01-05,2.292732,2.465346,2.107982,2.169664,40361.0
43,Aston Villa Fan Token,AVL-USD,2022-01-06,2.169497,2.517903,2.067967,2.260113,215107.0
44,Aston Villa Fan Token,AVL-USD,2022-01-07,2.259859,2.340868,2.03512,2.116527,211153.0
45,Aston Villa Fan Token,AVL-USD,2022-01-08,2.116702,2.36335,1.900822,2.001641,191079.0
46,Aston Villa Fan Token,AVL-USD,2022-01-09,2.00159,2.258847,1.974721,2.111411,225459.0
47,Aston Villa Fan Token,AVL-USD,2022-01-10,2.111319,2.179546,1.901949,2.0061,150077.0
48,Aston Villa Fan Token,AVL-USD,2022-01-11,2.006464,2.175643,1.972478,2.08538,54633.0
49,Aston Villa Fan Token,AVL-USD,2022-01-12,2.086066,2.291536,2.079154,2.167098,48534.0
50,Aston Villa Fan Token,AVL-USD,2022-01-13,2.16704,2.400614,2.074951,2.123783,120027.0
51,Aston Villa Fan Token,AVL-USD,2022-01-14,2.123883,2.271976,2.051614,2.154612,231964.0
52,Aston Villa Fan Token,AVL-USD,2022-01-15,2.154609,2.198225,2.04304,2.116517,187138.0
53,Aston Villa Fan Token,AVL-USD,2022-01-16,2.115307,2.163775,2.045236,2.081797,222672.0
54,Aston Villa Fan Token,AVL-USD,2022-01-17,2.081883,2.098354,1.928962,1.95138,205413.0
55,Aston Villa Fan Token,AVL-USD,2022-01-18,1.951306,2.025082,1.87599,1.991165,28715.0
56,Aston Villa Fan Token,AVL-USD,2022-01-19,1.991186,2.000582,1.838562,1.876207,184455.0
57,Aston Villa Fan Token,AVL-USD,2022-01-20,1.875788,1.903651,1.862048,1.894621,0.0
58,Aston Villa Fan Token,AVL-USD,2022-01-21,1.894621,1.894621,1.475411,1.503742,77365.0
59,Aston Villa Fan Token,AVL-USD,2022-01-22,1.505115,1.533262,1.243662,1.331125,127235.0
60,Aston Villa Fan Token,AVL-USD,2022-01-23,1.331632,1.442858,1.310956,1.412415,136477.0
61,Aston Villa Fan Token,AVL-USD,2022-01-24,1.412687,1.420398,1.212285,1.35221,137044.0
62,Aston Villa Fan Token,AVL-USD,2022-01-25,1.352237,1.384117,1.265463,1.360632,137322.0
63,Aston Villa Fan Token,AVL-USD,2022-01-26,1.360632,1.447487,1.281896,1.327887,139763.0
64,Aston Villa Fan Token,AVL-USD,2022-01-27,1.327652,1.450006,1.270442,1.383539,144689.0
65,Aston Villa Fan Token,AVL-USD,2022-01-28,1.383384,1.473212,1.368033,1.447247,156958.0
66,Aston Villa Fan Token,AVL-USD,2022-01-29,1.447301,1.518291,1.424163,1.489382,137990.0
67,Aston Villa Fan Token,AVL-USD,2022-01-30,1.489573,1.551795,1.4344,1.463818,17139.0
68,Aston Villa Fan Token,AVL-USD,2022-01-31,1.463889,1.71869,1.41384,1.685471,33762.0
69,Aston Villa Fan Token,AVL-USD,2022-02-01,1.685536,1.724159,1.591468,1.627382,28800.0
70,Aston Villa Fan Token,AVL-USD,2022-02-02,1.627159,1.707682,1.513538,1.517953,130161.0
71,Aston Villa Fan Token,AVL-USD,2022-02-03,1.517659,1.649553,1.500189,1.63368,20593.0
72,Aston Villa Fan Token,AVL-USD,2022-02-04,1.633343,1.814058,1.567777,1.813573,116185.0
73,Aston Villa Fan Token,AVL-USD,2022-02-05,1.813732,1.853831,1.743973,1.80591,19689.0
74,Aston Villa Fan Token,AVL-USD,2022-02-06,1.806103,1.966805,1.795306,1.959494,24963.0
75,Aston Villa Fan Token,AVL-USD,2022-02-07,1.959841,2.009502,1.862274,1.953795,102780.0
76,Aston Villa Fan Token,AVL-USD,2022-02-08,1.953799,2.007134,1.814899,1.936209,260891.0
77,Aston Villa Fan Token,AVL-USD,2022-02-09,1.935338,2.056606,1.859181,2.042738,278262.0
78,Aston Villa Fan Token,AVL-USD,2022-02-10,2.042682,2.084285,1.874813,1.951041,263597.0
79,Aston Villa Fan Token,AVL-USD,2022-02-11,1.951316,2.003215,1.734924,1.765851,69974.0
80,Aston Villa Fan Token,AVL-USD,2022-02-12,1.76598,1.850446,1.693298,1.76242,214725.0
81,Aston Villa Fan Token,AVL-USD,2022-02-13,1.762388,1.835564,1.680103,1.710821,145209.0
82,Aston Villa Fan Token,AVL-USD,2022-02-14,1.710181,1.769903,1.639533,1.739922,209868.0
83,Aston Villa Fan Token,AVL-USD,2022-02-15,1.739865,1.921151,1.73242,1.880155,242894.0
84,Aston Villa Fan Token,AVL-USD,2022-02-16,1.880155,1.937799,1.789832,1.870637,197922.0
85,Aston Villa Fan Token,AVL-USD,2022-02-17,1.870572,1.958135,1.718389,1.745212,33106.0
86,Aston Villa Fan Token,AVL-USD,2022-02-18,1.745907,1.826504,1.637373,1.688575,42002.0
87,Aston Villa Fan Token,AVL-USD,2022-02-19,1.688317,1.721019,1.621972,1.695311,23359.0
88,Aston Villa Fan Token,AVL-USD,2022-02-20,1.694916,1.699244,1.55211,1.57035,149508.0
89,Aston Villa Fan Token,AVL-USD,2022-02-21,1.57016,1.743614,1.416267,1.420994,32344.0
90,Aston Villa Fan Token,AVL-USD,2022-02-22,1.420796,1.517795,1.368417,1.508,15629.0
91,Aston Villa Fan Token,AVL-USD,2022-02-23,1.50803,1.572433,1.41979,1.424433,44297.0
92,Aston Villa Fan Token,AVL-USD,2022-02-24,1.424127,1.555901,1.239938,1.537669,164255.0
93,Aston Villa Fan Token,AVL-USD,2022-02-25,1.537834,1.613489,1.40525,1.530423,33585.0
94,Aston Villa Fan Token,AVL-USD,2022-02-26,1.530532,1.646179,1.480551,1.48713,12236.0
95,Aston Villa Fan Token,AVL-USD,2022-02-27,1.487044,1.547326,1.397927,1.418724,39360.0
96,Aston Villa Fan Token,AVL-USD,2022-02-28,1.418754,1.650801,1.412724,1.638284,177155.0
97,Aston Villa Fan Token,AVL-USD,2022-03-01,1.638284,1.723576,1.600485,1.679908,184972.0
98,Aston Villa Fan Token,AVL-USD,2022-03-02,1.679669,1.79621,1.636339,1.693265,15128.0
99,Aston Villa Fan Token,AVL-USD,2022-03-03,1.693348,1.823663,1.626551,1.71138,28643.0
100,Aston Villa Fan Token,AVL-USD,2022-03-04,1.715902,1.916135,1.653353,1.714617,29690.0
101,Aston Villa Fan Token,AVL-USD,2022-03-05,1.71532,2.034773,1.669518,2.002283,174676.0
102,Aston Villa Fan Token,AVL-USD,2022-03-06,2.002587,2.026207,1.84119,1.864445,25127.0
103,Aston Villa Fan Token,AVL-USD,2022-03-07,1.864234,1.864234,1.69016,1.727726,36000.0
104,Aston Villa Fan Token,AVL-USD,2022-03-08,1.727661,1.781659,1.661471,1.721253,24227.0
105,Aston Villa Fan Token,AVL-USD,2022-03-09,1.721582,1.828486,1.717402,1.768848,156838.0
106,Aston Villa Fan Token,AVL-USD,2022-03-10,1.768848,1.780832,1.628288,1.726681,20845.0
107,Aston Villa Fan Token,AVL-USD,2022-03-11,1.726488,1.79932,1.675272,1.722546,102368.0
108,Aston Villa Fan Token,AVL-USD,2022-03-12,1.72248,1.994125,1.71944,1.748246,228468.0
109,Aston Villa Fan Token,AVL-USD,2022-03-13,1.747667,1.888064,1.578449,1.686764,229811.0
110,Aston Villa Fan Token,AVL-USD,2022-03-14,1.685942,2.050747,1.632914,1.8256,248780.0
111,Aston Villa Fan Token,AVL-USD,2022-03-15,1.825528,1.871197,1.704456,1.778554,212244.0
112,Aston Villa Fan Token,AVL-USD,2022-03-16,1.778505,1.838042,1.701452,1.70999,29666.0
113,Aston Villa Fan Token,AVL-USD,2022-03-17,1.709998,1.88414,1.34817,1.474995,44314.0
114,Aston Villa Fan Token,AVL-USD,2022-03-18,1.474737,1.513324,1.351503,1.450934,37874.0
115,Aston Villa Fan Token,AVL-USD,2022-03-19,1.450758,1.518302,1.400879,1.473985,17327.0
116,Aston Villa Fan Token,AVL-USD,2022-03-20,1.474437,1.474437,1.373394,1.396124,9190.0
117,Aston Villa Fan Token,AVL-USD,2022-03-21,1.396019,1.610612,1.341181,1.423058,114285.0
118,Aston Villa Fan Token,AVL-USD,2022-03-22,1.422994,1.552121,1.405006,1.465995,214707.0
119,Aston Villa Fan Token,AVL-USD,2022-03-23,1.466094,1.519034,1.420421,1.471246,209267.0
120,Aston Villa Fan Token,AVL-USD,2022-03-24,1.471181,1.576597,1.471181,1.531746,167726.0
121,Aston Villa Fan Token,AVL-USD,2022-03-25,1.531859,1.777962,1.516472,1.777067,1492.0
122,Aston Villa Fan Token,AVL-USD,2022-03-26,1.776314,1.776314,1.626941,1.690361,7324.0
123,Aston Villa Fan Token,AVL-USD,2022-03-27,1.690425,2.002126,1.620907,1.773829,15374.0
124,Aston Villa Fan Token,AVL-USD,2022-03-28,1.773884,1.899921,1.683567,1.683908,113235.0
125,Aston Villa Fan Token,AVL-USD,2022-03-29,1.682098,2.257419,1.671656,2.03492,254542.0
126,Aston Villa Fan Token,AVL-USD,2022-03-30,2.033533,2.257428,1.953201,1.969977,252895.0
127,Aston Villa Fan Token,AVL-USD,2022-03-31,1.970115,2.105381,1.83016,1.878286,235113.0
128,Aston Villa Fan Token,AVL-USD,2022-04-01,1.879006,1.907212,1.744656,1.842448,228822.0
129,Aston Villa Fan Token,AVL-USD,2022-04-02,1.842641,2.018771,1.815344,1.888689,236453.0
130,Aston Villa Fan Token,AVL-USD,2022-04-03,1.887538,1.970914,1.845161,1.90163,238364.0
131,Aston Villa Fan Token,AVL-USD,2022-04-04,1.901544,1.907457,1.600617,1.635861,223752.0
132,Aston Villa Fan Token,AVL-USD,2022-04-05,1.635841,1.743317,1.527726,1.566033,222545.0
133,Aston Villa Fan Token,AVL-USD,2022-04-06,1.56604,1.662273,1.36646,1.366999,178915.0
134,Aston Villa Fan Token,AVL-USD,2022-04-07,1.367225,1.472443,1.351793,1.432046,182119.0
135,Aston Villa Fan Token,AVL-USD,2022-04-08,1.43214,1.48837,1.329454,1.352041,161919.0
136,Aston Villa Fan Token,AVL-USD,2022-04-09,1.352042,1.436656,1.345317,1.415871,174184.0
137,Aston Villa Fan Token,AVL-USD,2022-04-10,1.416165,1.444695,1.349749,1.41084,167854.0
138,Aston Villa Fan Token,AVL-USD,2022-04-11,1.409238,1.48276,1.264384,1.304427,167051.0
139,Aston Villa Fan Token,AVL-USD,2022-04-12,1.304449,1.367602,1.241001,1.348292,169059.0
140,Aston Villa Fan Token,AVL-USD,2022-04-13,1.348269,1.51713,1.317534,1.445807,180365.0
141,Aston Villa Fan Token,AVL-USD,2022-04-14,1.445648,1.538907,1.367015,1.419334,173221.0
142,Aston Villa Fan Token,AVL-USD,2022-04-15,1.419309,1.469951,1.362803,1.404973,179669.0
143,Aston Villa Fan Token,AVL-USD,2022-04-16,1.404952,1.448363,1.355806,1.374794,172206.0
144,Aston Villa Fan Token,AVL-USD,2022-04-17,1.374827,1.438512,1.312435,1.314069,158524.0
145,Aston Villa Fan Token,AVL-USD,2022-04-18,1.314071,1.356246,1.243144,1.355962,169805.0
146,Aston Villa Fan Token,AVL-USD,2022-04-19,1.356063,1.367617,1.290197,1.336465,166249.0
147,Aston Villa Fan Token,AVL-USD,2022-04-20,1.336449,1.384825,1.268797,1.326576,161407.0
148,Aston Villa Fan Token,AVL-USD,2022-04-21,1.326615,1.382896,1.248834,1.281828,158928.0
149,Aston Villa Fan Token,AVL-USD,2022-04-22,1.281834,1.331223,1.259978,1.296917,161398.0
150,Aston Villa Fan Token,AVL-USD,2022-04-23,1.296941,1.323095,1.243226,1.261186,157931.0
151,Aston Villa Fan Token,AVL-USD,2022-04-24,1.260924,1.280001,1.21785,1.241081,148491.0
152,Aston Villa Fan Token,AVL-USD,2022-04-25,1.241316,1.263199,1.121878,1.254082,153369.0
153,Aston Villa Fan Token,AVL-USD,2022-04-26,1.254034,1.290615,1.137798,1.15948,148237.0
154,Aston Villa Fan Token,AVL-USD,2022-04-27,1.159551,1.247212,1.122551,1.247212,157909.0
155,Aston Villa Fan Token,AVL-USD,2022-04-28,1.246755,1.246755,1.169214,1.197083,119125.0
156,Aston Villa Fan Token,AVL-USD,2022-04-29,1.196984,1.208499,1.082115,1.105187,140381.0
157,Aston Villa Fan Token,AVL-USD,2022-04-30,1.10525,1.231333,0.991047,1.016803,143112.0
158,Aston Villa Fan Token,AVL-USD,2022-05-01,1.016858,1.134927,0.998906,1.10616,137912.0
159,Aston Villa Fan Token,AVL-USD,2022-05-02,1.10596,1.174357,1.0252,1.071912,140744.0
160,Aston Villa Fan Token,AVL-USD,2022-05-03,1.071835,1.153568,1.045814,1.076699,132553.0
161,Aston Villa Fan Token,AVL-USD,2022-05-04,1.076697,1.199204,1.062937,1.16712,114606.0
162,Aston Villa Fan Token,AVL-USD,2022-05-05,1.167093,1.202765,1.008118,1.04849,4790.0
163,Aston Villa Fan Token,AVL-USD,2022-05-06,1.04845,1.096501,1.008234,1.044184,94640.0
164,Aston Villa Fan Token,AVL-USD,2022-05-07,1.044256,1.083598,0.982029,1.006566,125281.0
165,Aston Villa Fan Token,AVL-USD,2022-05-08,1.006546,1.025659,0.960854,0.971124,120998.0
166,Aston Villa Fan Token,AVL-USD,2022-05-09,0.971515,0.995774,0.775589,0.788829,108939.0
167,Aston Villa Fan Token,AVL-USD,2022-05-10,0.788694,0.929002,0.756362,0.821684,109189.0
168,Aston Villa Fan Token,AVL-USD,2022-05-11,0.821345,0.854702,0.586972,0.620342,104812.0
169,Aston Villa Fan Token,AVL-USD,2022-05-12,0.620454,0.653112,0.494135,0.569342,78277.0
170,Aston Villa Fan Token,AVL-USD,2022-05-13,0.569405,0.73121,0.566601,0.660362,84522.0
171,Aston Villa Fan Token,AVL-USD,2022-05-14,0.660369,0.713593,0.617127,0.71245,87194.0
172,Aston Villa Fan Token,AVL-USD,2022-05-15,0.712414,0.746803,0.658905,0.737678,94563.0
173,Aston Villa Fan Token,AVL-USD,2022-05-16,0.737723,0.74205,0.659051,0.687248,87931.0
174,Aston Villa Fan Token,AVL-USD,2022-05-17,0.687405,0.763401,0.669838,0.717485,93036.0
175,Aston Villa Fan Token,AVL-USD,2022-05-18,0.717441,0.85776,0.691803,0.720549,92769.0
176,Aston Villa Fan Token,AVL-USD,2022-05-19,0.720165,0.744402,0.651079,0.740165,91441.0
177,Aston Villa Fan Token,AVL-USD,2022-05-20,0.740181,0.79776,0.692172,0.710045,95789.0
178,Aston Villa Fan Token,AVL-USD,2022-05-21,0.710108,0.745171,0.700811,0.722968,94163.0
179,Aston Villa Fan Token,AVL-USD,2022-05-22,0.72291,0.779177,0.700154,0.752081,93533.0
180,Aston Villa Fan Token,AVL-USD,2022-05-23,0.752213,0.813419,0.702661,0.708819,89762.0
181,Aston Villa Fan Token,AVL-USD,2022-05-24,0.708829,0.75344,0.675248,0.72756,86578.0
182,Aston Villa Fan Token,AVL-USD,2022-05-25,0.727554,0.776233,0.706174,0.776207,108032.0
183,Aston Villa Fan Token,AVL-USD,2022-05-26,0.77646,0.77646,0.635941,0.686314,89318.0
184,Aston Villa Fan Token,AVL-USD,2022-05-27,0.686335,0.689125,0.62913,0.650021,82429.0
185,Aston Villa Fan Token,AVL-USD,2022-05-28,0.653819,0.698537,0.645642,0.689025,86859.0
186,Aston Villa Fan Token,AVL-USD,2022-05-29,0.68892,0.702367,0.652823,0.680491,85063.0
187,Aston Villa Fan Token,AVL-USD,2022-05-30,0.680466,0.743778,0.673899,0.73967,100527.0
188,Aston Villa Fan Token,AVL-USD,2022-05-31,0.739644,0.784336,0.680559,0.706496,93269.0
189,Aston Villa Fan Token,AVL-USD,2022-06-01,0.706628,0.762386,0.640866,0.688894,85742.0
190,Aston Villa Fan Token,AVL-USD,2022-06-02,0.688658,0.792352,0.678425,0.755001,90134.0
191,Aston Villa Fan Token,AVL-USD,2022-06-03,0.754961,0.770123,0.709777,0.733503,92302.0
192,Aston Villa Fan Token,AVL-USD,2022-06-04,0.733643,0.837453,0.726425,0.781285,97994.0
193,Aston Villa Fan Token,AVL-USD,2022-06-05,0.781404,0.808282,0.738213,0.757379,99079.0
194,Aston Villa Fan Token,AVL-USD,2022-06-06,0.757459,0.841703,0.757459,0.777305,100369.0
195,Aston Villa Fan Token,AVL-USD,2022-06-07,0.777795,0.777795,0.702162,0.728391,92203.0
196,Aston Villa Fan Token,AVL-USD,2022-06-08,0.728411,0.785158,0.715517,0.730085,91200.0
197,Aston Villa Fan Token,AVL-USD,2022-06-09,0.730266,0.75124,0.711613,0.718288,94895.0
198,Aston Villa Fan Token,AVL-USD,2022-06-10,0.718327,0.730075,0.653912,0.688613,85426.0
199,Aston Villa Fan Token,AVL-USD,2022-06-11,0.688665,0.716245,0.607872,0.623543,77957.0
200,Aston Villa Fan Token,AVL-USD,2022-06-12,0.623737,0.627271,0.555191,0.565687,75155.0
201,Aston Villa Fan Token,AVL-USD,2022-06-13,0.565169,0.594183,0.504409,0.563529,76992.0
202,Aston Villa Fan Token,AVL-USD,2022-06-14,0.563562,0.594171,0.51801,0.568741,72033.0
203,Aston Villa Fan Token,AVL-USD,2022-06-15,0.568599,0.619267,0.511803,0.619179,89454.0
204,Aston Villa Fan Token,AVL-USD,2022-06-16,0.61935,0.627762,0.542231,0.560424,75684.0
205,Aston Villa Fan Token,AVL-USD,2022-06-17,0.560519,0.604221,0.55216,0.570183,72587.0
206,Aston Villa Fan Token,AVL-USD,2022-06-18,0.57016,0.580638,0.493747,0.52813,71163.0
207,Aston Villa Fan Token,AVL-USD,2022-06-19,0.528045,0.567317,0.503365,0.556628,72549.0
208,Aston Villa Fan Token,AVL-USD,2022-06-20,0.556619,0.57684,0.527507,0.560543,74787.0
209,Aston Villa Fan Token,AVL-USD,2022-06-21,0.560481,0.60198,0.555843,0.573225,70749.0
210,Aston Villa Fan Token,AVL-USD,2022-06-22,0.57338,0.672828,0.549562,0.554213,76856.0
211,Aston Villa Fan Token,AVL-USD,2022-06-23,0.554198,0.596153,0.55202,0.587599,69355.0
212,Aston Villa Fan Token,AVL-USD,2022-06-24,0.587467,0.613527,0.564522,0.581828,76538.0
213,Aston Villa Fan Token,AVL-USD,2022-06-25,0.581851,0.636211,0.5764,0.619691,77606.0
214,Aston Villa Fan Token,AVL-USD,2022-06-26,0.619526,0.630544,0.574838,0.575463,71531.0
215,Aston Villa Fan Token,AVL-USD,2022-06-27,0.575469,0.662473,0.575469,0.633577,79830.0
216,Aston Villa Fan Token,AVL-USD,2022-06-28,0.633372,0.687065,0.588268,0.592552,74585.0
217,Aston Villa Fan Token,AVL-USD,2022-06-29,0.592531,0.619728,0.57159,0.581139,74434.0
218,Aston Villa Fan Token,AVL-USD,2022-06-30,0.581217,0.591291,0.531321,0.566943,72340.0
219,Aston Villa Fan Token,AVL-USD,2022-07-01,0.567381,0.580188,0.545512,0.559257,72709.0
220,Aston Villa Fan Token,AVL-USD,2022-07-02,0.559463,0.596621,0.541143,0.575671,71334.0
221,Aston Villa Fan Token,AVL-USD,2022-07-03,0.575662,0.596272,0.569624,0.583048,72532.0
222,Aston Villa Fan Token,AVL-USD,2022-07-04,0.583034,0.616579,0.571348,0.607191,75200.0
223,Aston Villa Fan Token,AVL-USD,2022-07-05,0.607206,0.619931,0.573934,0.585943,70513.0
224,Aston Villa Fan Token,AVL-USD,2022-07-06,0.586055,0.595447,0.578176,0.591414,74724.0
225,Aston Villa Fan Token,AVL-USD,2022-07-07,0.591404,0.623291,0.580163,0.612707,77135.0
226,Aston Villa Fan Token,AVL-USD,2022-07-08,0.612622,0.630757,0.586406,0.611834,75266.0
227,Aston Villa Fan Token,AVL-USD,2022-07-09,0.611765,0.621405,0.602969,0.61501,75735.0
228,Aston Villa Fan Token,AVL-USD,2022-07-10,0.614995,0.651372,0.601175,0.625697,79426.0
229,Aston Villa Fan Token,AVL-USD,2022-07-11,0.625669,0.658048,0.62006,0.62845,78144.0
230,Aston Villa Fan Token,AVL-USD,2022-07-12,0.62869,0.648762,0.58567,0.587111,72646.0
231,Aston Villa Fan Token,AVL-USD,2022-07-13,0.586923,0.610026,0.564746,0.609032,75573.0
232,Aston Villa Fan Token,AVL-USD,2022-07-14,0.609024,0.637684,0.584385,0.624914,77029.0
233,Aston Villa Fan Token,AVL-USD,2022-07-15,0.62495,0.648477,0.612141,0.635479,78998.0
234,Aston Villa Fan Token,AVL-USD,2022-07-16,0.635416,0.678213,0.62834,0.665255,78674.0
235,Aston Villa Fan Token,AVL-USD,2022-07-17,0.665405,0.675897,0.632474,0.640026,80782.0
236,Aston Villa Fan Token,AVL-USD,2022-07-18,0.640067,0.705786,0.639903,0.694942,88692.0
237,Aston Villa Fan Token,AVL-USD,2022-07-19,0.694705,0.724354,0.674249,0.705287,90824.0
238,Aston Villa Fan Token,AVL-USD,2022-07-20,0.705526,0.721064,0.645706,0.647714,82392.0
239,Aston Villa Fan Token,AVL-USD,2022-07-21,0.647656,0.670037,0.62394,0.664846,82743.0
240,Aston Villa Fan Token,AVL-USD,2022-07-22,0.664895,0.69342,0.630184,0.646361,80027.0
241,Aston Villa Fan Token,AVL-USD,2022-07-23,0.646175,0.669189,0.633531,0.657617,45591.0
242,Aston Villa Fan Token,AVL-USD,2022-07-24,0.657639,0.671138,0.649434,0.652827,79631.0
243,Aston Villa Fan Token,AVL-USD,2022-07-25,0.65279,0.6571,0.612263,0.613598,76141.0
244,Aston Villa Fan Token,AVL-USD,2022-07-26,0.613769,0.624578,0.601629,0.620128,79118.0
245,Aston Villa Fan Token,AVL-USD,2022-07-27,0.620375,0.685605,0.610386,0.685605,86851.0
246,Aston Villa Fan Token,AVL-USD,2022-07-28,0.685597,0.734697,0.667155,0.725868,106600.0
247,Aston Villa Fan Token,AVL-USD,2022-07-29,0.725914,0.819488,0.691076,0.724931,97207.0
248,Aston Villa Fan Token,AVL-USD,2022-07-30,0.724902,0.792247,0.704261,0.744898,91162.0
249,Aston Villa Fan Token,AVL-USD,2022-07-31,0.744627,0.792819,0.731198,0.73399,91046.0
250,Aston Villa Fan Token,AVL-USD,2022-08-01,0.733995,0.925612,0.732478,0.857766,113226.0
251,Aston Villa Fan Token,AVL-USD,2022-08-02,0.857504,0.903025,0.77907,0.822769,101533.0
252,Aston Villa Fan Token,AVL-USD,2022-08-03,0.822988,0.847661,0.788486,0.801434,105776.0
253,Aston Villa Fan Token,AVL-USD,2022-08-04,0.801458,0.905553,0.796626,0.872305,127676.0
254,Aston Villa Fan Token,AVL-USD,2022-08-05,0.872319,0.910309,0.829608,0.875116,134917.0
255,Aston Villa Fan Token,AVL-USD,2022-08-06,0.875156,0.930266,0.850648,0.877343,138535.0
256,Aston Villa Fan Token,AVL-USD,2022-08-07,0.877558,0.978235,0.862603,0.923409,134216.0
257,Aston Villa Fan Token,AVL-USD,2022-08-08,0.923429,0.963621,0.894787,0.913895,119503.0
258,Aston Villa Fan Token,AVL-USD,2022-08-09,0.913892,0.917794,0.856094,0.87983,98738.0
259,Aston Villa Fan Token,AVL-USD,2022-08-10,0.879799,0.923823,0.846923,0.910877,120020.0
260,Aston Villa Fan Token,AVL-USD,2022-08-11,0.910933,0.980559,0.893356,0.893976,142214.0
261,Aston Villa Fan Token,AVL-USD,2022-08-12,0.893938,1.003844,0.876724,0.980018,151963.0
262,Aston Villa Fan Token,AVL-USD,2022-08-13,0.98006,1.007964,0.936107,0.963666,134456.0
263,Aston Villa Fan Token,AVL-USD,2022-08-14,0.963847,1.133344,0.95724,1.024094,166204.0
264,Aston Villa Fan Token,AVL-USD,2022-08-15,1.02403,1.184526,1.015251,1.161918,176925.0
265,Aston Villa Fan Token,AVL-USD,2022-08-16,1.162165,1.319894,1.102727,1.147055,194648.0
266,Aston Villa Fan Token,AVL-USD,2022-08-17,1.146994,1.224084,1.089471,1.147322,188996.0
267,Aston Villa Fan Token,AVL-USD,2022-08-18,1.14736,1.375362,1.094134,1.14839,160178.0
268,Aston Villa Fan Token,AVL-USD,2022-08-19,1.147608,1.154758,1.040122,1.052882,187927.0
269,Aston Villa Fan Token,AVL-USD,2022-08-20,1.05293,1.076879,0.944838,1.00105,143201.0
270,Aston Villa Fan Token,AVL-USD,2022-08-21,1.000873,1.045441,0.970396,1.010123,133867.0
271,Aston Villa Fan Token,AVL-USD,2022-08-22,1.010046,1.187646,0.977914,1.15988,165188.0
272,Aston Villa Fan Token,AVL-USD,2022-08-23,1.160072,1.402578,1.1313,1.357273,196751.0
273,Aston Villa Fan Token,AVL-USD,2022-08-24,1.357553,1.433606,1.266705,1.305712,186226.0
274,Aston Villa Fan Token,AVL-USD,2022-08-25,1.305742,1.346828,1.006197,1.15507,167205.0
275,Aston Villa Fan Token,AVL-USD,2022-08-26,1.15505,1.20879,0.959941,1.021005,136864.0
276,Aston Villa Fan Token,AVL-USD,2022-08-27,1.020609,1.187795,1.005474,1.129959,152866.0
277,Aston Villa Fan Token,AVL-USD,2022-08-28,1.129889,1.217933,1.077054,1.077054,164142.0
278,Aston Villa Fan Token,AVL-USD,2022-08-29,1.075107,1.130458,1.036925,1.119911,168284.0
279,Aston Villa Fan Token,AVL-USD,2022-08-30,1.119946,1.159588,0.977748,1.056061,148849.0
280,Aston Villa Fan Token,AVL-USD,2022-08-31,1.056154,1.198516,1.056154,1.174348,177285.0
281,Aston Villa Fan Token,AVL-USD,2022-09-01,1.175393,1.205649,1.085004,1.14821,194082.0
282,Aston Villa Fan Token,AVL-USD,2022-09-02,1.148258,1.196006,1.051833,1.180528,174010.0
283,Aston Villa Fan Token,AVL-USD,2022-09-03,1.180951,1.188752,0.942702,1.102906,145512.0
284,Aston Villa Fan Token,AVL-USD,2022-09-04,1.102508,1.182205,1.024216,1.067581,154819.0
285,Aston Villa Fan Token,AVL-USD,2022-09-05,1.067688,1.091578,0.968593,1.023165,129546.0
286,Aston Villa Fan Token,AVL-USD,2022-09-06,1.023252,1.052546,0.915079,0.931197,132434.0
287,Aston Villa Fan Token,AVL-USD,2022-09-07,0.930731,1.037213,0.919804,1.028336,139992.0
288,Aston Villa Fan Token,AVL-USD,2022-09-08,1.028266,1.047553,0.969392,1.001434,131662.0
289,Aston Villa Fan Token,AVL-USD,2022-09-09,1.001315,1.11287,0.999323,1.061228,156440.0
290,Aston Villa Fan Token,AVL-USD,2022-09-10,1.061087,1.101066,0.97554,1.04673,136017.0
291,Aston Villa Fan Token,AVL-USD,2022-09-11,1.046404,1.151359,1.022629,1.077563,139497.0
292,Aston Villa Fan Token,AVL-USD,2022-09-12,1.077469,1.078553,0.998404,1.065956,151616.0
293,Aston Villa Fan Token,AVL-USD,2022-09-13,1.065935,1.157803,0.961776,1.043285,171420.0
294,Aston Villa Fan Token,AVL-USD,2022-09-14,1.038562,1.088608,0.951249,0.989754,130520.0
295,Aston Villa Fan Token,AVL-USD,2022-09-15,0.989687,1.01716,0.906128,0.970976,130291.0
296,Aston Villa Fan Token,AVL-USD,2022-09-16,0.971263,1.047398,0.915708,1.009388,165242.0
297,Aston Villa Fan Token,AVL-USD,2022-09-17,1.009713,1.07794,0.993908,1.066448,146087.0
298,Aston Villa Fan Token,AVL-USD,2022-09-18,1.065819,1.1978,1.017908,1.068522,152914.0
299,Aston Villa Fan Token,AVL-USD,2022-09-19,1.068544,1.165947,1.030586,1.134619,192607.0
300,Aston Villa Fan Token,AVL-USD,2022-09-20,1.134848,1.136651,1.027655,1.036537,156735.0
301,Aston Villa Fan Token,AVL-USD,2022-09-21,1.036175,1.058353,0.923161,0.95206,153909.0
302,Aston Villa Fan Token,AVL-USD,2022-09-22,0.951819,1.149729,0.946396,1.131356,179899.0
303,Aston Villa Fan Token,AVL-USD,2022-09-23,1.131171,1.234651,1.02806,1.129805,205190.0
304,Aston Villa Fan Token,AVL-USD,2022-09-24,1.129706,1.247745,1.063941,1.181473,165037.0
305,Aston Villa Fan Token,AVL-USD,2022-09-25,1.181211,1.258663,1.095843,1.115219,179722.0
306,Aston Villa Fan Token,AVL-USD,2022-09-26,1.115304,1.191507,1.046761,1.141154,165318.0
307,Aston Villa Fan Token,AVL-USD,2022-09-27,1.141658,1.245363,1.078818,1.118631,194347.0
308,Aston Villa Fan Token,AVL-USD,2022-09-28,1.118548,1.141116,1.043113,1.110941,168459.0
309,Aston Villa Fan Token,AVL-USD,2022-09-29,1.111193,1.174371,1.077103,1.142159,151401.0
310,Aston Villa Fan Token,AVL-USD,2022-09-30,1.142034,1.151629,1.078924,1.099663,170898.0
311,Aston Villa Fan Token,AVL-USD,2022-10-01,1.099678,1.173818,1.090113,1.124137,140706.0
312,Aston Villa Fan Token,AVL-USD,2022-10-02,1.124325,1.151695,1.004588,1.026602,132119.0
313,Aston Villa Fan Token,AVL-USD,2022-10-03,1.026363,1.085703,0.94709,0.953522,142006.0
314,Aston Villa Fan Token,AVL-USD,2022-10-04,0.953301,0.979372,0.856618,0.895844,150541.0
315,Aston Villa Fan Token,AVL-USD,2022-10-05,0.895857,0.901461,0.84436,0.873815,147142.0
316,Aston Villa Fan Token,AVL-USD,2022-10-06,0.873888,0.899326,0.851944,0.871303,143997.0
317,Aston Villa Fan Token,AVL-USD,2022-10-07,0.871299,0.901814,0.840011,0.888604,140319.0
318,Aston Villa Fan Token,AVL-USD,2022-10-08,0.888491,0.904122,0.842487,0.863355,140401.0
319,Aston Villa Fan Token,AVL-USD,2022-10-09,0.863861,0.884101,0.840651,0.866526,130215.0
320,Aston Villa Fan Token,AVL-USD,2022-10-10,0.866486,0.87798,0.756247,0.763214,110579.0
321,Aston Villa Fan Token,AVL-USD,2022-10-11,0.7632,0.812252,0.737367,0.787197,125139.0
322,Aston Villa Fan Token,AVL-USD,2022-10-12,0.787143,0.807146,0.755644,0.772622,111989.0
323,Aston Villa Fan Token,AVL-USD,2022-10-13,0.772602,0.774974,0.671378,0.756811,118651.0
324,Aston Villa Fan Token,AVL-USD,2022-10-14,0.756685,0.791565,0.708396,0.722011,106130.0
325,Aston Villa Fan Token,AVL-USD,2022-10-15,0.721998,0.736411,0.700607,0.725926,94055.0
326,Aston Villa Fan Token,AVL-USD,2022-10-16,0.725983,0.760249,0.720675,0.747635,107144.0
327,Aston Villa Fan Token,AVL-USD,2022-10-17,0.747632,0.787788,0.727314,0.775624,114578.0
328,Aston Villa Fan Token,AVL-USD,2022-10-18,0.775632,1.087629,0.75727,0.94743,172300.0
329,Aston Villa Fan Token,AVL-USD,2022-10-19,0.947554,0.972449,0.788131,0.798452,132972.0
330,Aston Villa Fan Token,AVL-USD,2022-10-20,0.798159,0.824979,0.72995,0.738117,124585.0
331,Aston Villa Fan Token,AVL-USD,2022-10-21,0.737958,0.774179,0.696226,0.758532,127275.0
332,Aston Villa Fan Token,AVL-USD,2022-10-22,0.758356,0.812575,0.726476,0.737432,122083.0
333,Aston Villa Fan Token,AVL-USD,2022-10-23,0.737425,0.77209,0.709631,0.740019,107495.0
334,Aston Villa Fan Token,AVL-USD,2022-10-24,0.740078,0.778775,0.712263,0.77027,83197.0
335,Aston Villa Fan Token,AVL-USD,2022-10-25,0.770247,0.80035,0.747779,0.793664,118721.0
336,Aston Villa Fan Token,AVL-USD,2022-10-26,0.793699,0.822123,0.764344,0.790754,131388.0
337,Aston Villa Fan Token,AVL-USD,2022-10-27,0.790762,0.817415,0.751734,0.757183,122774.0
338,Aston Villa Fan Token,AVL-USD,2022-10-28,0.757206,0.786748,0.744758,0.782707,123973.0
339,Aston Villa Fan Token,AVL-USD,2022-10-29,0.782591,0.800777,0.748234,0.766302,110485.0
340,Aston Villa Fan Token,AVL-USD,2022-10-30,0.766332,0.879666,0.755493,0.860105,144994.0
341,Aston Villa Fan Token,AVL-USD,2022-10-31,0.860175,0.867162,0.774808,0.825313,119107.0
342,Aston Villa Fan Token,AVL-USD,2022-11-01,0.825383,0.928907,0.799238,0.853416,123341.0
343,Aston Villa Fan Token,AVL-USD,2022-11-02,0.853496,0.94198,0.833263,0.894807,116208.0
344,Aston Villa Fan Token,AVL-USD,2022-11-03,0.894869,0.926488,0.842703,0.857932,119651.0
345,Aston Villa Fan Token,AVL-USD,2022-11-04,0.857909,0.920732,0.806064,0.909279,134460.0
346,Aston Villa Fan Token,AVL-USD,2022-11-05,0.909231,0.956897,0.877446,0.922607,126561.0
347,Aston Villa Fan Token,AVL-USD,2022-11-06,0.922586,0.996716,0.874037,0.898532,134177.0
348,Aston Villa Fan Token,AVL-USD,2022-11-07,0.898145,1.02683,0.841572,0.899947,130610.0
349,Aston Villa Fan Token,AVL-USD,2022-11-08,0.89996,0.952845,0.655492,0.742298,126968.0
350,Aston Villa Fan Token,AVL-USD,2022-11-09,0.742447,0.747109,0.541221,0.624815,99908.0
351,Aston Villa Fan Token,AVL-USD,2022-11-10,0.624831,0.840739,0.60015,0.796481,137087.0
352,Aston Villa Fan Token,AVL-USD,2022-11-11,0.796633,0.857064,0.683707,0.843817,122043.0
353,Aston Villa Fan Token,AVL-USD,2022-11-12,0.843782,0.848607,0.705308,0.726473,103616.0
354,Aston Villa Fan Token,AVL-USD,2022-11-13,0.72653,0.737713,0.662842,0.70356,95185.0
355,Aston Villa Fan Token,AVL-USD,2022-11-14,0.703525,0.758037,0.621569,0.678651,100270.0
356,Aston Villa Fan Token,AVL-USD,2022-11-15,0.678652,0.779678,0.657838,0.745912,127526.0
357,Aston Villa Fan Token,AVL-USD,2022-11-16,0.7459,0.812007,0.726431,0.793564,118161.0
358,Aston Villa Fan Token,AVL-USD,2022-11-17,0.793673,0.833968,0.736963,0.77873,107802.0
359,Aston Villa Fan Token,AVL-USD,2022-11-18,0.778723,0.891894,0.777938,0.873497,123199.0
360,Aston Villa Fan Token,AVL-USD,2022-11-19,0.873435,0.902196,0.765362,0.79376,116233.0
361,Aston Villa Fan Token,AVL-USD,2022-11-20,0.793853,0.803825,0.676152,0.687699,93512.0
362,Aston Villa Fan Token,AVL-USD,2022-11-21,0.687683,0.713601,0.632823,0.66161,96064.0
363,Aston Villa Fan Token,AVL-USD,2022-11-22,0.66148,0.669116,0.596167,0.651503,93293.0
364,Aston Villa Fan Token,AVL-USD,2022-11-23,0.651554,0.691056,0.621799,0.690571,90925.0
365,Aston Villa Fan Token,AVL-USD,2022-11-24,0.690563,0.690563,0.601282,0.642472,85488.0
366,Aston Villa Fan Token,AVL-USD,2022-11-25,0.642444,0.642444,0.579576,0.605137,86812.0
367,Aston Villa Fan Token,AVL-USD,2022-11-26,0.605092,0.637326,0.590582,0.609515,81166.0
368,Aston Villa Fan Token,AVL-USD,2022-11-27,0.609497,0.647327,0.603115,0.623128,82715.0
369,Aston Villa Fan Token,AVL-USD,2022-11-28,0.623086,0.627418,0.57219,0.609457,84404.0
370,Aston Villa Fan Token,AVL-USD,2022-11-29,0.609396,0.616357,0.558016,0.585357,82982.0
371,Aston Villa Fan Token,AVL-USD,2022-11-30,0.585371,0.62721,0.581291,0.626508,76306.0
372,Aston Villa Fan Token,AVL-USD,2022-12-01,0.62651,0.628128,0.580246,0.587676,71122.0
373,Aston Villa Fan Token,AVL-USD,2022-12-02,0.587681,0.686999,0.569802,0.679966,110929.0
374,Aston Villa Fan Token,AVL-USD,2022-12-03,0.68002,0.681621,0.651019,0.655612,88323.0
375,Aston Villa Fan Token,AVL-USD,2022-12-04,0.655603,0.670761,0.653535,0.664603,93042.0
376,Aston Villa Fan Token,AVL-USD,2022-12-05,0.66456,0.686773,0.632932,0.648093,112948.0
377,Aston Villa Fan Token,AVL-USD,2022-12-06,0.648,0.656748,0.628389,0.642904,103377.0
378,Aston Villa Fan Token,AVL-USD,2022-12-07,0.642918,0.653885,0.600443,0.60959,87139.0
379,Aston Villa Fan Token,AVL-USD,2022-12-08,0.609599,0.677382,0.586402,0.673545,91456.0
380,Aston Villa Fan Token,AVL-USD,2022-12-09,0.673591,0.729583,0.637246,0.661977,90198.0
381,Aston Villa Fan Token,AVL-USD,2022-12-10,0.661988,0.750509,0.641323,0.720245,98163.0
382,Aston Villa Fan Token,AVL-USD,2022-12-11,0.720226,0.735545,0.684413,0.691897,105452.0
383,Aston Villa Fan Token,AVL-USD,2022-12-12,0.691883,0.693592,0.631212,0.6613,97019.0
384,Aston Villa Fan Token,AVL-USD,2022-12-13,0.661305,0.752107,0.636963,0.709351,102921.0
385,Aston Villa Fan Token,AVL-USD,2022-12-14,0.7094,0.775769,0.68851,0.700197,866875.0
386,Aston Villa Fan Token,AVL-USD,2022-12-15,0.700188,0.780244,0.69616,0.722028,1324155.0
387,Aston Villa Fan Token,AVL-USD,2022-12-16,0.722031,0.731562,0.634002,0.638795,130915.0
388,Aston Villa Fan Token,AVL-USD,2022-12-17,0.63879,0.654219,0.606396,0.635129,137033.0
389,Aston Villa Fan Token,AVL-USD,2022-12-18,0.635118,0.722032,0.623918,0.648258,121845.0
390,Aston Villa Fan Token,AVL-USD,2022-12-19,0.648288,0.670696,0.607229,0.613303,93424.0
391,Aston Villa Fan Token,AVL-USD,2022-12-20,0.613318,0.654651,0.613296,0.653681,53320.0
392,Aston Villa Fan Token,AVL-USD,2022-12-21,0.653679,0.666619,0.633319,0.655298,51371.0
393,Aston Villa Fan Token,AVL-USD,2022-12-22,0.655298,0.675295,0.615271,0.645408,53137.0
394,Aston Villa Fan Token,AVL-USD,2022-12-23,0.64542,0.648356,0.622762,0.640159,50422.0
395,Aston Villa Fan Token,AVL-USD,2022-12-24,0.640161,0.647713,0.601434,0.613885,44696.0
396,Aston Villa Fan Token,AVL-USD,2022-12-25,0.613874,0.647118,0.601396,0.611056,59695.0
397,Aston Villa Fan Token,AVL-USD,2022-12-26,0.61105,0.646799,0.606367,0.617835,54483.0
398,Aston Villa Fan Token,AVL-USD,2022-12-27,0.617784,0.631961,0.605065,0.617584,52298.0
399,Aston Villa Fan Token,AVL-USD,2022-12-28,0.617587,0.647894,0.591819,0.608317,53881.0
400,Aston Villa Fan Token,AVL-USD,2022-12-29,0.608321,0.639741,0.607514,0.63663,58828.0
401,Aston Villa Fan Token,AVL-USD,2022-12-30,0.636617,0.641111,0.613844,0.626317,102128.0
402,Aston Villa Fan Token,AVL-USD,2022-12-31,0.62633,0.637876,0.601218,0.626703,135161.0
403,Aston Villa Fan Token,AVL-USD,2023-01-01,0.626715,0.646365,0.620826,0.631423,135398.0
404,Aston Villa Fan Token,AVL-USD,2023-01-02,0.631425,0.64522,0.615474,0.633656,128460.0
405,Aston Villa Fan Token,AVL-USD,2023-01-03,0.633651,0.662093,0.605175,0.617027,139114.0
406,Aston Villa Fan Token,AVL-USD,2023-01-04,0.617036,0.635774,0.610104,0.625945,134484.0
407,Aston Villa Fan Token,AVL-USD,2023-01-05,0.625936,0.671469,0.616171,0.666941,180543.0
408,Aston Villa Fan Token,AVL-USD,2023-01-06,0.666965,0.666965,0.633963,0.661007,135077.0
409,Aston Villa Fan Token,AVL-USD,2023-01-07,0.661001,0.668816,0.63062,0.662347,131902.0
410,Aston Villa Fan Token,AVL-USD,2023-01-08,0.662332,0.686559,0.641215,0.68501,137858.0
411,Aston Villa Fan Token,AVL-USD,2023-01-09,0.684996,0.708381,0.677771,0.686792,121625.0
412,Aston Villa Fan Token,AVL-USD,2023-01-10,0.686602,0.715575,0.674196,0.687339,134381.0
413,Aston Villa Fan Token,AVL-USD,2023-01-11,0.687312,0.696124,0.659688,0.681606,135008.0
414,Aston Villa Fan Token,AVL-USD,2023-01-12,0.696658,0.729017,0.683914,0.722508,149079.0
415,Aston Villa Fan Token,AVL-USD,2023-01-13,0.722382,0.745134,0.722382,0.736738,150920.0
416,Aston Villa Fan Token,AVL-USD,2023-01-14,0.736742,0.782951,0.70234,0.776491,135399.0
417,Aston Villa Fan Token,AVL-USD,2023-01-15,0.776507,0.783499,0.758123,0.773142,151030.0
418,Aston Villa Fan Token,AVL-USD,2023-01-16,0.773139,0.796874,0.735764,0.752758,145603.0
419,Aston Villa Fan Token,AVL-USD,2023-01-17,0.752794,0.795385,0.744263,0.784663,156296.0
420,Aston Villa Fan Token,AVL-USD,2023-01-18,0.784646,0.798389,0.708116,0.744167,144008.0
421,Aston Villa Fan Token,AVL-USD,2023-01-19,0.744165,0.773272,0.741171,0.757623,144378.0
422,Aston Villa Fan Token,AVL-USD,2023-01-20,0.757606,0.782505,0.748682,0.771525,155875.0
423,Aston Villa Fan Token,AVL-USD,2023-01-21,0.771535,0.80664,0.764425,0.768785,157140.0
424,Aston Villa Fan Token,AVL-USD,2023-01-22,0.7688,0.799122,0.758693,0.780701,148055.0
425,Aston Villa Fan Token,AVL-USD,2023-01-23,0.78071,0.811005,0.778365,0.799038,149390.0
426,Aston Villa Fan Token,AVL-USD,2023-01-24,0.798994,0.844574,0.75457,0.758449,77389.0
427,Aston Villa Fan Token,AVL-USD,2023-01-25,0.758449,0.837537,0.736001,0.816519,84395.0
428,Aston Villa Fan Token,AVL-USD,2023-01-26,0.816493,0.826345,0.77546,0.784679,149734.0
429,Aston Villa Fan Token,AVL-USD,2023-01-27,0.784671,0.789468,0.766009,0.779797,150498.0
430,Aston Villa Fan Token,AVL-USD,2023-01-28,0.779843,0.790349,0.754433,0.76706,141570.0
431,Aston Villa Fan Token,AVL-USD,2023-01-29,0.76705,0.784827,0.759572,0.784827,147667.0
432,Aston Villa Fan Token,AVL-USD,2023-01-30,0.784909,0.794108,0.733376,0.743913,138583.0
433,Aston Villa Fan Token,AVL-USD,2023-01-31,0.743922,0.753555,0.720053,0.726624,161958.0
434,Aston Villa Fan Token,AVL-USD,2023-02-01,0.726581,0.744467,0.713148,0.742281,155303.0
435,Aston Villa Fan Token,AVL-USD,2023-02-02,0.742248,0.771724,0.728156,0.731665,142086.0
436,Aston Villa Fan Token,AVL-USD,2023-02-03,0.731626,0.743422,0.719718,0.741073,137331.0
437,Aston Villa Fan Token,AVL-USD,2023-02-04,0.741065,0.757522,0.732101,0.735027,138533.0
438,Aston Villa Fan Token,AVL-USD,2023-02-05,0.735053,0.742599,0.70443,0.715329,132605.0
439,Aston Villa Fan Token,AVL-USD,2023-02-06,0.715338,0.726459,0.701323,0.708603,134853.0
440,Aston Villa Fan Token,AVL-USD,2023-02-07,0.708589,0.807551,0.705526,0.776319,158508.0
441,Aston Villa Fan Token,AVL-USD,2023-02-08,0.776308,0.83194,0.743421,0.777831,152256.0
442,Aston Villa Fan Token,AVL-USD,2023-02-09,0.777883,0.778308,0.666592,0.677739,130343.0
443,Aston Villa Fan Token,AVL-USD,2023-02-10,0.67779,0.695644,0.671419,0.675835,129185.0
444,Aston Villa Fan Token,AVL-USD,2023-02-11,0.675882,0.689003,0.666592,0.677261,132023.0
445,Aston Villa Fan Token,AVL-USD,2023-02-12,0.677252,0.702326,0.672146,0.678016,121039.0
446,Aston Villa Fan Token,AVL-USD,2023-02-13,0.678024,0.690305,0.650642,0.685836,130089.0
447,Aston Villa Fan Token,AVL-USD,2023-02-14,0.685822,0.687736,0.655986,0.670301,135710.0
448,Aston Villa Fan Token,AVL-USD,2023-02-15,0.670301,0.685084,0.641305,0.68428,139999.0
449,Aston Villa Fan Token,AVL-USD,2023-02-16,0.68428,0.694925,0.650637,0.656635,131478.0
450,Aston Villa Fan Token,AVL-USD,2023-02-17,0.656639,0.680193,0.648479,0.669628,134898.0
451,Aston Villa Fan Token,AVL-USD,2023-02-18,0.669627,0.681055,0.659168,0.669811,132712.0
452,Aston Villa Fan Token,AVL-USD,2023-02-19,0.669799,0.681058,0.656467,0.672035,133077.0
453,Aston Villa Fan Token,AVL-USD,2023-02-20,0.672084,0.697808,0.659565,0.690601,134066.0
454,Aston Villa Fan Token,AVL-USD,2023-02-21,0.690611,0.69542,0.654791,0.661361,138771.0
455,Aston Villa Fan Token,AVL-USD,2023-02-22,0.661358,0.674325,0.643737,0.669918,165002.0
456,Aston Villa Fan Token,AVL-USD,2023-02-23,0.669977,0.681294,0.644617,0.673124,150546.0
457,Aston Villa Fan Token,AVL-USD,2023-02-24,0.673117,0.680408,0.639275,0.645621,159113.0
458,Aston Villa Fan Token,AVL-USD,2023-02-25,0.645651,0.653301,0.625918,0.643764,142060.0
459,Aston Villa Fan Token,AVL-USD,2023-02-26,0.643761,0.651653,0.638219,0.650369,63792.0
460,Aston Villa Fan Token,AVL-USD,2023-02-27,0.650374,0.652116,0.610557,0.642498,98085.0
461,Aston Villa Fan Token,AVL-USD,2023-02-28,0.642471,0.64732,0.608791,0.61101,105958.0
462,Aston Villa Fan Token,AVL-USD,2023-03-01,0.611015,0.669435,0.609179,0.649798,99882.0
463,Aston Villa Fan Token,AVL-USD,2023-03-02,0.649798,0.65263,0.594009,0.615403,99234.0
464,Aston Villa Fan Token,AVL-USD,2023-03-03,0.615413,0.61803,0.574754,0.59352,99402.0
465,Aston Villa Fan Token,AVL-USD,2023-03-04,0.593513,0.602723,0.570116,0.582348,94725.0
466,Aston Villa Fan Token,AVL-USD,2023-03-05,0.582353,0.591828,0.561854,0.566338,91804.0
467,Aston Villa Fan Token,AVL-USD,2023-03-06,0.56633,0.575334,0.551529,0.562902,92790.0
468,Aston Villa Fan Token,AVL-USD,2023-03-07,0.562898,0.571411,0.540077,0.547906,92346.0
469,Aston Villa Fan Token,AVL-USD,2023-03-08,0.547907,0.560775,0.517772,0.522769,89198.0
470,Aston Villa Fan Token,AVL-USD,2023-03-09,0.522781,0.534805,0.491208,0.500114,94026.0
471,Aston Villa Fan Token,AVL-USD,2023-03-10,0.500115,0.520132,0.486461,0.518699,92341.0
472,Aston Villa Fan Token,AVL-USD,2023-03-11,0.51869,0.520312,0.492906,0.506028,92369.0
473,Aston Villa Fan Token,AVL-USD,2023-03-12,0.505967,0.527633,0.495886,0.527435,90704.0
474,Aston Villa Fan Token,AVL-USD,2023-03-13,0.527457,0.551837,0.507907,0.545062,85957.0
475,Aston Villa Fan Token,AVL-USD,2023-03-14,0.545055,0.567074,0.525929,0.543812,81469.0
476,Aston Villa Fan Token,AVL-USD,2023-03-15,0.543801,0.547755,0.509053,0.516474,75368.0
477,Aston Villa Fan Token,AVL-USD,2023-03-16,0.516509,0.53362,0.508046,0.528095,83884.0
478,Aston Villa Fan Token,AVL-USD,2023-03-17,0.528076,0.534914,0.518046,0.532485,83431.0
479,Aston Villa Fan Token,AVL-USD,2023-03-18,0.532451,0.536681,0.521008,0.524573,78003.0
480,Aston Villa Fan Token,AVL-USD,2023-03-19,0.52456,0.53193,0.513347,0.519932,76267.0
481,Aston Villa Fan Token,AVL-USD,2023-03-20,0.519964,0.525282,0.505493,0.510565,83432.0
482,Aston Villa Fan Token,AVL-USD,2023-03-21,0.510628,0.52361,0.507425,0.518141,89754.0
483,Aston Villa Fan Token,AVL-USD,2023-03-22,0.518143,0.525155,0.511507,0.52083,79611.0
484,Aston Villa Fan Token,AVL-USD,2023-03-23,0.5208,0.537825,0.512151,0.530164,74191.0
485,Aston Villa Fan Token,AVL-USD,2023-03-24,0.530186,0.53211,0.508033,0.516623,54784.0
486,Aston Villa Fan Token,AVL-USD,2023-03-25,0.516619,0.523287,0.509611,0.515981,64660.0
487,Aston Villa Fan Token,AVL-USD,2023-03-26,0.515985,0.525483,0.50443,0.517294,51503.0
488,Aston Villa Fan Token,AVL-USD,2023-03-27,0.5173,0.518122,0.495956,0.500192,52568.0
489,Aston Villa Fan Token,AVL-USD,2023-03-28,0.500188,0.507426,0.489356,0.502823,50806.0
490,Aston Villa Fan Token,AVL-USD,2023-03-29,0.502803,0.505516,0.492131,0.498656,58810.0
491,Aston Villa Fan Token,AVL-USD,2023-03-30,0.498646,0.511687,0.488709,0.494202,63994.0
492,Aston Villa Fan Token,AVL-USD,2023-03-31,0.494213,0.502406,0.489582,0.496447,64323.0
493,Aston Villa Fan Token,AVL-USD,2023-04-01,0.496435,0.509656,0.48847,0.497913,54509.0
494,Aston Villa Fan Token,AVL-USD,2023-04-02,0.503478,0.506413,0.485674,0.497894,55202.0
495,Aston Villa Fan Token,AVL-USD,2023-04-03,0.497887,0.51249,0.489124,0.509859,55141.0
496,Aston Villa Fan Token,AVL-USD,2023-04-04,0.509857,0.531041,0.509341,0.524355,55989.0
497,Aston Villa Fan Token,AVL-USD,2023-04-05,0.524351,0.54687,0.520295,0.538075,55146.0
498,Aston Villa Fan Token,AVL-USD,2023-04-06,0.538095,0.544328,0.514922,0.539169,55946.0
499,Aston Villa Fan Token,AVL-USD,2023-04-07,0.539168,0.539903,0.51978,0.533513,55283.0
500,Aston Villa Fan Token,AVL-USD,2023-04-08,0.533549,0.586863,0.531435,0.571117,80841.0
501,Aston Villa Fan Token,AVL-USD,2023-04-09,0.571153,0.587227,0.552451,0.558134,65863.0
502,Aston Villa Fan Token,AVL-USD,2023-04-10,0.55814,0.572888,0.537295,0.57157,68753.0
503,Aston Villa Fan Token,AVL-USD,2023-04-11,0.571634,0.587502,0.54231,0.554502,57553.0
504,Aston Villa Fan Token,AVL-USD,2023-04-12,0.554511,0.556061,0.528563,0.541923,61525.0
505,Aston Villa Fan Token,AVL-USD,2023-04-13,0.537126,0.561903,0.534905,0.55715,69543.0
506,Aston Villa Fan Token,AVL-USD,2023-04-14,0.557177,0.570085,0.554664,0.567738,59647.0
507,Aston Villa Fan Token,AVL-USD,2023-04-15,0.567742,0.585362,0.555017,0.576901,56614.0
508,Aston Villa Fan Token,AVL-USD,2023-04-16,0.576894,0.597568,0.562449,0.569589,58853.0
509,Aston Villa Fan Token,AVL-USD,2023-04-17,0.569583,0.584438,0.556584,0.578978,59576.0
510,Aston Villa Fan Token,AVL-USD,2023-04-18,0.578982,0.590315,0.569283,0.585264,58535.0
511,Aston Villa Fan Token,AVL-USD,2023-04-19,0.585269,0.591793,0.551169,0.555298,67376.0
512,Aston Villa Fan Token,AVL-USD,2023-04-20,0.555281,0.563769,0.538659,0.541396,67186.0
513,Aston Villa Fan Token,AVL-USD,2023-04-21,0.54139,0.554375,0.504678,0.513395,53519.0
514,Aston Villa Fan Token,AVL-USD,2023-04-22,0.513399,0.530938,0.495475,0.517274,54635.0
515,Aston Villa Fan Token,AVL-USD,2023-04-23,0.517273,0.525113,0.504907,0.511903,54026.0
516,Aston Villa Fan Token,AVL-USD,2023-04-24,0.511913,0.527466,0.489702,0.51665,44410.0
517,Aston Villa Fan Token,AVL-USD,2023-04-25,0.516619,0.536813,0.511102,0.530285,53150.0
518,Aston Villa Fan Token,AVL-USD,2023-04-26,0.530283,0.559622,0.522167,0.55183,59639.0
519,Aston Villa Fan Token,AVL-USD,2023-04-27,0.551814,0.562874,0.54023,0.554701,60174.0
520,Aston Villa Fan Token,AVL-USD,2023-04-28,0.5547,4.718228,0.549574,3.079702,25858578.0
521,Aston Villa Fan Token,AVL-USD,2023-04-29,3.080398,3.531614,2.72076,3.105509,11007521.0
522,Aston Villa Fan Token,AVL-USD,2023-04-30,3.101667,3.330422,2.749737,2.856356,5191061.0
523,Aston Villa Fan Token,AVL-USD,2023-05-01,2.856159,3.165061,2.50547,2.531325,1578774.0
524,Aston Villa Fan Token,AVL-USD,2023-05-02,2.531352,2.616105,2.229114,2.351698,2460173.0
525,Aston Villa Fan Token,AVL-USD,2023-05-03,2.35177,3.135979,2.251047,2.345174,8125476.0
526,Aston Villa Fan Token,AVL-USD,2023-05-04,2.345167,2.506293,2.264287,2.27282,3353825.0
527,Aston Villa Fan Token,AVL-USD,2023-05-05,2.272798,2.309393,2.107645,2.126655,1477794.0
528,Aston Villa Fan Token,AVL-USD,2023-05-06,,,,,
529,Aston Villa Fan Token,AVL-USD,2023-05-07,2.106989,2.216782,2.058859,2.058859,4939145.0
